prediction_time,machine_id,work_order_id,defect_rate,risk_level,confidence,feature_window
2025-06-24 06:10:00,CNC-01,WO-2025-0601,0.0357,LOW,0.83,"{""machine_id"":""CNC-01"",""window_minutes"":5}"
2025-06-24 06:10:00,PAINT-01,WO-2025-0602,0.0151,LOW,0.88,"{""machine_id"":""PAINT-01"",""window_minutes"":5}"
2025-06-24 06:10:00,BAT-01,WO-2025-0603,0.0479,LOW,0.92,"{""machine_id"":""BAT-01"",""window_minutes"":5}"
2025-06-24 06:15:00,CNC-01,WO-2025-0604,0.0465,LOW,0.79,"{""machine_id"":""CNC-01"",""window_minutes"":5}"
2025-06-24 06:15:00,PAINT-01,WO-2025-0605,0.0368,LOW,0.85,"{""machine_id"":""PAINT-01"",""window_minutes"":5}"
2025-06-24 06:15:00,BAT-01,WO-2025-0606,0.0107,LOW,0.82,"{""machine_id"":""BAT-01"",""window_minutes"":5}"
2025-06-24 06:20:00,CNC-01,WO-2025-0607,0.048,LOW,0.83,"{""machine_id"":""CNC-01"",""window_minutes"":5}"
2025-06-24 06:20:00,PAINT-01,WO-2025-0608,0.0406,LOW,0.81,"{""machine_id"":""PAINT-01"",""window_minutes"":5}"
2025-06-24 06:20:00,BAT-01,WO-2025-0609,0.05,LOW,0.8,"{""machine_id"":""BAT-01"",""window_minutes"":5}"
2025-06-24 06:25:00,CNC-01,WO-2025-0610,0.0218,LOW,0.89,"{""machine_id"":""CNC-01"",""window_minutes"":5}"
2025-06-24 06:25:00,PAINT-01,WO-2025-0611,0.0303,LOW,0.86,"{""machine_id"":""PAINT-01"",""window_minutes"":5}"
2025-06-24 06:25:00,BAT-01,WO-2025-0612,0.0395,LOW,0.85,"{""machine_id"":""BAT-01"",""window_minutes"":5}"
2025-06-24 06:30:00,CNC-01,WO-2025-0613,0.0365,LOW,0.9,"{""machine_id"":""CNC-01"",""window_minutes"":5}"
2025-06-24 06:30:00,PAINT-01,WO-2025-0614,0.0347,LOW,0.86,"{""machine_id"":""PAINT-01"",""window_minutes"":5}"
2025-06-24 06:30:00,BAT-01,WO-2025-0615,0.0162,LOW,0.81,"{""machine_id"":""BAT-01"",""window_minutes"":5}"
2025-06-24 06:35:00,CNC-01,WO-2025-0616,0.0377,LOW,0.87,"{""machine_id"":""CNC-01"",""window_minutes"":5}"
2025-06-24 06:35:00,PAINT-01,WO-2025-0617,0.0461,LOW,0.88,"{""machine_id"":""PAINT-01"",""window_minutes"":5}"
2025-06-24 06:35:00,BAT-01,WO-2025-0618,0.0117,LOW,0.83,"{""machine_id"":""BAT-01"",""window_minutes"":5}"
2025-06-24 06:40:00,CNC-01,WO-2025-0619,0.0388,LOW,0.92,"{""machine_id"":""CNC-01"",""window_minutes"":5}"
2025-06-24 06:40:00,PAINT-01,WO-2025-0620,0.0344,LOW,0.89,"{""machine_id"":""PAINT-01"",""window_minutes"":5}"
2025-06-24 06:40:00,BAT-01,WO-2025-0601,0.0414,LOW,0.81,"{""machine_id"":""BAT-01"",""window_minutes"":5}"
2025-06-24 06:45:00,CNC-01,WO-2025-0602,0.0196,LOW,0.92,"{""machine_id"":""CNC-01"",""window_minutes"":5}"
2025-06-24 06:45:00,PAINT-01,WO-2025-0603,0.0414,LOW,0.91,"{""machine_id"":""PAINT-01"",""window_minutes"":5}"
2025-06-24 06:45:00,BAT-01,WO-2025-0604,0.0178,LOW,0.87,"{""machine_id"":""BAT-01"",""window_minutes"":5}"
2025-06-24 06:50:00,CNC-01,WO-2025-0605,0.0328,LOW,0.84,"{""machine_id"":""CNC-01"",""window_minutes"":5}"
2025-06-24 06:50:00,PAINT-01,WO-2025-0606,0.0408,LOW,0.89,"{""machine_id"":""PAINT-01"",""window_minutes"":5}"
2025-06-24 06:50:00,BAT-01,WO-2025-0607,0.0301,LOW,0.84,"{""machine_id"":""BAT-01"",""window_minutes"":5}"
2025-06-24 06:55:00,CNC-01,WO-2025-0608,0.0165,LOW,0.81,"{""machine_id"":""CNC-01"",""window_minutes"":5}"
2025-06-24 06:55:00,PAINT-01,WO-2025-0609,0.0342,LOW,0.9,"{""machine_id"":""PAINT-01"",""window_minutes"":5}"
2025-06-24 06:55:00,BAT-01,WO-2025-0610,0.0121,LOW,0.85,"{""machine_id"":""BAT-01"",""window_minutes"":5}"
2025-06-24 07:00:00,CNC-01,WO-2025-0611,0.0248,LOW,0.91,"{""machine_id"":""CNC-01"",""window_minutes"":5}"
2025-06-24 07:00:00,PAINT-01,WO-2025-0612,0.0385,LOW,0.85,"{""machine_id"":""PAINT-01"",""window_minutes"":5}"
2025-06-24 07:00:00,BAT-01,WO-2025-0613,0.015,LOW,0.79,"{""machine_id"":""BAT-01"",""window_minutes"":5}"
2025-06-24 07:05:00,CNC-01,WO-2025-0614,0.0164,LOW,0.84,"{""machine_id"":""CNC-01"",""window_minutes"":5}"
2025-06-24 07:05:00,PAINT-01,WO-2025-0615,0.0305,LOW,0.9,"{""machine_id"":""PAINT-01"",""window_minutes"":5}"
2025-06-24 07:05:00,BAT-01,WO-2025-0616,0.0137,LOW,0.91,"{""machine_id"":""BAT-01"",""window_minutes"":5}"
2025-06-24 07:10:00,CNC-01,WO-2025-0617,0.0427,LOW,0.9,"{""machine_id"":""CNC-01"",""window_minutes"":5}"
2025-06-24 07:10:00,PAINT-01,WO-2025-0618,0.0472,LOW,0.84,"{""machine_id"":""PAINT-01"",""window_minutes"":5}"
2025-06-24 07:10:00,BAT-01,WO-2025-0619,0.0259,LOW,0.83,"{""machine_id"":""BAT-01"",""window_minutes"":5}"
2025-06-24 07:15:00,CNC-01,WO-2025-0620,0.0254,LOW,0.79,"{""machine_id"":""CNC-01"",""window_minutes"":5}"
2025-06-24 07:15:00,PAINT-01,WO-2025-0601,0.019,LOW,0.82,"{""machine_id"":""PAINT-01"",""window_minutes"":5}"
2025-06-24 07:15:00,BAT-01,WO-2025-0602,0.014,LOW,0.88,"{""machine_id"":""BAT-01"",""window_minutes"":5}"
2025-06-24 07:20:00,CNC-01,WO-2025-0603,0.0234,LOW,0.8,"{""machine_id"":""CNC-01"",""window_minutes"":5}"
2025-06-24 07:20:00,PAINT-01,WO-2025-0604,0.0115,LOW,0.91,"{""machine_id"":""PAINT-01"",""window_minutes"":5}"
2025-06-24 07:20:00,BAT-01,WO-2025-0605,0.0289,LOW,0.9,"{""machine_id"":""BAT-01"",""window_minutes"":5}"
2025-06-24 07:25:00,CNC-01,WO-2025-0606,0.0404,LOW,0.85,"{""machine_id"":""CNC-01"",""window_minutes"":5}"
2025-06-24 07:25:00,PAINT-01,WO-2025-0607,0.0346,LOW,0.91,"{""machine_id"":""PAINT-01"",""window_minutes"":5}"
2025-06-24 07:25:00,BAT-01,WO-2025-0608,0.0108,LOW,0.81,"{""machine_id"":""BAT-01"",""window_minutes"":5}"
2025-06-24 07:30:00,CNC-01,WO-2025-0609,0.016,LOW,0.91,"{""machine_id"":""CNC-01"",""window_minutes"":5}"
2025-06-24 07:30:00,PAINT-01,WO-2025-0610,0.0344,LOW,0.84,"{""machine_id"":""PAINT-01"",""window_minutes"":5}"
2025-06-24 07:30:00,BAT-01,WO-2025-0611,0.041,LOW,0.81,"{""machine_id"":""BAT-01"",""window_minutes"":5}"
2025-06-24 07:35:00,CNC-01,WO-2025-0612,0.0149,LOW,0.81,"{""machine_id"":""CNC-01"",""window_minutes"":5}"
2025-06-24 07:35:00,PAINT-01,WO-2025-0613,0.0356,LOW,0.87,"{""machine_id"":""PAINT-01"",""window_minutes"":5}"
2025-06-24 07:35:00,BAT-01,WO-2025-0614,0.0125,LOW,0.9,"{""machine_id"":""BAT-01"",""window_minutes"":5}"
2025-06-24 07:40:00,CNC-01,WO-2025-0615,0.03,LOW,0.86,"{""machine_id"":""CNC-01"",""window_minutes"":5}"
2025-06-24 07:40:00,PAINT-01,WO-2025-0616,0.0353,LOW,0.86,"{""machine_id"":""PAINT-01"",""window_minutes"":5}"
2025-06-24 07:40:00,BAT-01,WO-2025-0617,0.0387,LOW,0.82,"{""machine_id"":""BAT-01"",""window_minutes"":5}"
2025-06-24 07:45:00,CNC-01,WO-2025-0618,0.0101,LOW,0.83,"{""machine_id"":""CNC-01"",""window_minutes"":5}"
2025-06-24 07:45:00,PAINT-01,WO-2025-0619,0.0328,LOW,0.81,"{""machine_id"":""PAINT-01"",""window_minutes"":5}"
2025-06-24 07:45:00,BAT-01,WO-2025-0620,0.0367,LOW,0.85,"{""machine_id"":""BAT-01"",""window_minutes"":5}"
2025-06-24 07:50:00,CNC-01,WO-2025-0601,0.0244,LOW,0.91,"{""machine_id"":""CNC-01"",""window_minutes"":5}"
2025-06-24 07:50:00,PAINT-01,WO-2025-0602,0.0318,LOW,0.89,"{""machine_id"":""PAINT-01"",""window_minutes"":5}"
2025-06-24 07:50:00,BAT-01,WO-2025-0603,0.0303,LOW,0.78,"{""machine_id"":""BAT-01"",""window_minutes"":5}"
2025-06-24 07:55:00,CNC-01,WO-2025-0604,0.0449,LOW,0.79,"{""machine_id"":""CNC-01"",""window_minutes"":5}"
2025-06-24 07:55:00,PAINT-01,WO-2025-0605,0.0255,LOW,0.83,"{""machine_id"":""PAINT-01"",""window_minutes"":5}"
2025-06-24 07:55:00,BAT-01,WO-2025-0606,0.0399,LOW,0.83,"{""machine_id"":""BAT-01"",""window_minutes"":5}"
2025-06-24 08:00:00,CNC-01,WO-2025-0607,0.0127,LOW,0.81,"{""machine_id"":""CNC-01"",""window_minutes"":5}"
2025-06-24 08:00:00,PAINT-01,WO-2025-0608,0.0363,LOW,0.79,"{""machine_id"":""PAINT-01"",""window_minutes"":5}"
2025-06-24 08:00:00,BAT-01,WO-2025-0609,0.0333,LOW,0.89,"{""machine_id"":""BAT-01"",""window_minutes"":5}"
2025-06-24 08:05:00,CNC-01,WO-2025-0610,0.0153,LOW,0.83,"{""machine_id"":""CNC-01"",""window_minutes"":5}"
2025-06-24 08:05:00,PAINT-01,WO-2025-0611,0.0235,LOW,0.87,"{""machine_id"":""PAINT-01"",""window_minutes"":5}"
2025-06-24 08:05:00,BAT-01,WO-2025-0612,0.0432,LOW,0.88,"{""machine_id"":""BAT-01"",""window_minutes"":5}"
2025-06-24 08:10:00,CNC-01,WO-2025-0613,0.0492,LOW,0.85,"{""machine_id"":""CNC-01"",""window_minutes"":5}"
2025-06-24 08:10:00,PAINT-01,WO-2025-0614,0.0173,LOW,0.8,"{""machine_id"":""PAINT-01"",""window_minutes"":5}"
2025-06-24 08:10:00,BAT-01,WO-2025-0615,0.0386,LOW,0.91,"{""machine_id"":""BAT-01"",""window_minutes"":5}"
2025-06-24 08:15:00,CNC-01,WO-2025-0616,0.0115,LOW,0.81,"{""machine_id"":""CNC-01"",""window_minutes"":5}"
2025-06-24 08:15:00,PAINT-01,WO-2025-0617,0.0416,LOW,0.9,"{""machine_id"":""PAINT-01"",""window_minutes"":5}"
2025-06-24 08:15:00,BAT-01,WO-2025-0618,0.0226,LOW,0.82,"{""machine_id"":""BAT-01"",""window_minutes"":5}"
2025-06-24 08:20:00,CNC-01,WO-2025-0619,0.0259,LOW,0.89,"{""machine_id"":""CNC-01"",""window_minutes"":5}"
2025-06-24 08:20:00,PAINT-01,WO-2025-0620,0.0289,LOW,0.79,"{""machine_id"":""PAINT-01"",""window_minutes"":5}"
2025-06-24 08:20:00,BAT-01,WO-2025-0601,0.0359,LOW,0.82,"{""machine_id"":""BAT-01"",""window_minutes"":5}"
2025-06-24 08:25:00,CNC-01,WO-2025-0602,0.0445,LOW,0.79,"{""machine_id"":""CNC-01"",""window_minutes"":5}"
2025-06-24 08:25:00,PAINT-01,WO-2025-0603,0.0362,LOW,0.82,"{""machine_id"":""PAINT-01"",""window_minutes"":5}"
2025-06-24 08:25:00,BAT-01,WO-2025-0604,0.042,LOW,0.84,"{""machine_id"":""BAT-01"",""window_minutes"":5}"
2025-06-24 08:30:00,CNC-01,WO-2025-0605,0.026,LOW,0.84,"{""machine_id"":""CNC-01"",""window_minutes"":5}"
2025-06-24 08:30:00,PAINT-01,WO-2025-0606,0.0483,LOW,0.83,"{""machine_id"":""PAINT-01"",""window_minutes"":5}"
2025-06-24 08:30:00,BAT-01,WO-2025-0607,0.0175,LOW,0.88,"{""machine_id"":""BAT-01"",""window_minutes"":5}"
2025-06-24 08:35:00,CNC-01,WO-2025-0608,0.0247,LOW,0.89,"{""machine_id"":""CNC-01"",""window_minutes"":5}"
2025-06-24 08:35:00,PAINT-01,WO-2025-0609,0.0207,LOW,0.79,"{""machine_id"":""PAINT-01"",""window_minutes"":5}"
2025-06-24 08:35:00,BAT-01,WO-2025-0610,0.027,LOW,0.84,"{""machine_id"":""BAT-01"",""window_minutes"":5}"
2025-06-24 08:40:00,CNC-01,WO-2025-0611,0.0498,LOW,0.81,"{""machine_id"":""CNC-01"",""window_minutes"":5}"
2025-06-24 08:40:00,PAINT-01,WO-2025-0612,0.0218,LOW,0.79,"{""machine_id"":""PAINT-01"",""window_minutes"":5}"
2025-06-24 08:40:00,BAT-01,WO-2025-0613,0.0231,LOW,0.82,"{""machine_id"":""BAT-01"",""window_minutes"":5}"
2025-06-24 08:45:00,CNC-01,WO-2025-0614,0.0278,LOW,0.88,"{""machine_id"":""CNC-01"",""window_minutes"":5}"
2025-06-24 08:45:00,PAINT-01,WO-2025-0615,0.0167,LOW,0.84,"{""machine_id"":""PAINT-01"",""window_minutes"":5}"
2025-06-24 08:45:00,BAT-01,WO-2025-0616,0.0279,LOW,0.88,"{""machine_id"":""BAT-01"",""window_minutes"":5}"
2025-06-24 08:50:00,CNC-01,WO-2025-0617,0.0465,LOW,0.87,"{""machine_id"":""CNC-01"",""window_minutes"":5}"
2025-06-24 08:50:00,PAINT-01,WO-2025-0618,0.0274,LOW,0.87,"{""machine_id"":""PAINT-01"",""window_minutes"":5}"
2025-06-24 08:50:00,BAT-01,WO-2025-0619,0.0417,LOW,0.79,"{""machine_id"":""BAT-01"",""window_minutes"":5}"
2025-06-24 08:55:00,CNC-01,WO-2025-0620,0.0368,LOW,0.84,"{""machine_id"":""CNC-01"",""window_minutes"":5}"
2025-06-24 08:55:00,PAINT-01,WO-2025-0601,0.0305,LOW,0.88,"{""machine_id"":""PAINT-01"",""window_minutes"":5}"
2025-06-24 08:55:00,BAT-01,WO-2025-0602,0.0164,LOW,0.78,"{""machine_id"":""BAT-01"",""window_minutes"":5}"
2025-06-24 09:00:00,CNC-01,WO-2025-0603,0.0439,LOW,0.87,"{""machine_id"":""CNC-01"",""window_minutes"":5}"
2025-06-24 09:00:00,PAINT-01,WO-2025-0604,0.0275,LOW,0.8,"{""machine_id"":""PAINT-01"",""window_minutes"":5}"
2025-06-24 09:00:00,BAT-01,WO-2025-0605,0.0194,LOW,0.87,"{""machine_id"":""BAT-01"",""window_minutes"":5}"
2025-06-24 09:05:00,CNC-01,WO-2025-0606,0.0245,LOW,0.91,"{""machine_id"":""CNC-01"",""window_minutes"":5}"
2025-06-24 09:05:00,PAINT-01,WO-2025-0607,0.0113,LOW,0.8,"{""machine_id"":""PAINT-01"",""window_minutes"":5}"
2025-06-24 09:05:00,BAT-01,WO-2025-0608,0.028,LOW,0.83,"{""machine_id"":""BAT-01"",""window_minutes"":5}"
2025-06-24 09:10:00,CNC-01,WO-2025-0609,0.0278,LOW,0.79,"{""machine_id"":""CNC-01"",""window_minutes"":5}"
2025-06-24 09:10:00,PAINT-01,WO-2025-0610,0.0155,LOW,0.83,"{""machine_id"":""PAINT-01"",""window_minutes"":5}"
2025-06-24 09:10:00,BAT-01,WO-2025-0611,0.0226,LOW,0.82,"{""machine_id"":""BAT-01"",""window_minutes"":5}"
2025-06-24 09:15:00,CNC-01,WO-2025-0612,0.0484,LOW,0.78,"{""machine_id"":""CNC-01"",""window_minutes"":5}"
2025-06-24 09:15:00,PAINT-01,WO-2025-0613,0.0174,LOW,0.85,"{""machine_id"":""PAINT-01"",""window_minutes"":5}"
2025-06-24 09:15:00,BAT-01,WO-2025-0614,0.0465,LOW,0.8,"{""machine_id"":""BAT-01"",""window_minutes"":5}"
2025-06-24 09:20:00,CNC-01,WO-2025-0615,0.041,LOW,0.88,"{""machine_id"":""CNC-01"",""window_minutes"":5}"
2025-06-24 09:20:00,PAINT-01,WO-2025-0616,0.0186,LOW,0.87,"{""machine_id"":""PAINT-01"",""window_minutes"":5}"
2025-06-24 09:20:00,BAT-01,WO-2025-0617,0.0378,LOW,0.92,"{""machine_id"":""BAT-01"",""window_minutes"":5}"
2025-06-24 09:25:00,CNC-01,WO-2025-0618,0.018,LOW,0.8,"{""machine_id"":""CNC-01"",""window_minutes"":5}"
2025-06-24 09:25:00,PAINT-01,WO-2025-0619,0.013,LOW,0.8,"{""machine_id"":""PAINT-01"",""window_minutes"":5}"
2025-06-24 09:25:00,BAT-01,WO-2025-0620,0.1324,INVESTIGATE,0.82,"{""temperature_delta"":3.2,""anomaly_score"":-0.3,""trigger"":""battery_temp_pattern""}"
2025-06-24 09:30:00,CNC-01,WO-2025-0601,0.0495,LOW,0.87,"{""machine_id"":""CNC-01"",""window_minutes"":5}"
2025-06-24 09:30:00,PAINT-01,WO-2025-0602,0.0384,LOW,0.86,"{""machine_id"":""PAINT-01"",""window_minutes"":5}"
2025-06-24 09:30:00,BAT-01,WO-2025-0603,0.1063,INVESTIGATE,0.79,"{""temperature_delta"":3.2,""anomaly_score"":-0.3,""trigger"":""battery_temp_pattern""}"
2025-06-24 09:35:00,CNC-01,WO-2025-0604,0.038,LOW,0.8,"{""machine_id"":""CNC-01"",""window_minutes"":5}"
2025-06-24 09:35:00,PAINT-01,WO-2025-0605,0.0245,LOW,0.81,"{""machine_id"":""PAINT-01"",""window_minutes"":5}"
2025-06-24 09:35:00,BAT-01,WO-2025-0606,0.1095,INVESTIGATE,0.77,"{""temperature_delta"":3.2,""anomaly_score"":-0.3,""trigger"":""battery_temp_pattern""}"
2025-06-24 09:40:00,CNC-01,WO-2025-0607,0.0244,LOW,0.86,"{""machine_id"":""CNC-01"",""window_minutes"":5}"
2025-06-24 09:40:00,PAINT-01,WO-2025-0608,0.0287,LOW,0.92,"{""machine_id"":""PAINT-01"",""window_minutes"":5}"
2025-06-24 09:40:00,BAT-01,WO-2025-0609,0.1026,INVESTIGATE,0.76,"{""temperature_delta"":3.2,""anomaly_score"":-0.3,""trigger"":""battery_temp_pattern""}"
2025-06-24 09:45:00,CNC-01,WO-2025-0610,0.0387,LOW,0.85,"{""machine_id"":""CNC-01"",""window_minutes"":5}"
2025-06-24 09:45:00,PAINT-01,WO-2025-0611,0.0264,LOW,0.84,"{""machine_id"":""PAINT-01"",""window_minutes"":5}"
2025-06-24 09:45:00,BAT-01,WO-2025-0612,0.1127,INVESTIGATE,0.73,"{""temperature_delta"":3.2,""anomaly_score"":-0.3,""trigger"":""battery_temp_pattern""}"
2025-06-24 09:50:00,CNC-01,WO-2025-0613,0.0286,LOW,0.85,"{""machine_id"":""CNC-01"",""window_minutes"":5}"
2025-06-24 09:50:00,PAINT-01,WO-2025-0614,0.0151,LOW,0.9,"{""machine_id"":""PAINT-01"",""window_minutes"":5}"
2025-06-24 09:50:00,BAT-01,WO-2025-0615,0.1307,INVESTIGATE,0.73,"{""temperature_delta"":3.2,""anomaly_score"":-0.3,""trigger"":""battery_temp_pattern""}"
2025-06-24 09:55:00,CNC-01,WO-2025-0616,0.0301,LOW,0.9,"{""machine_id"":""CNC-01"",""window_minutes"":5}"
2025-06-24 09:55:00,PAINT-01,WO-2025-0617,0.0433,LOW,0.85,"{""machine_id"":""PAINT-01"",""window_minutes"":5}"
2025-06-24 09:55:00,BAT-01,WO-2025-0618,0.1374,INVESTIGATE,0.74,"{""temperature_delta"":3.2,""anomaly_score"":-0.3,""trigger"":""battery_temp_pattern""}"
2025-06-24 10:00:00,CNC-01,WO-2025-0619,0.0479,LOW,0.85,"{""machine_id"":""CNC-01"",""window_minutes"":5}"
2025-06-24 10:00:00,PAINT-01,WO-2025-0620,0.0214,LOW,0.79,"{""machine_id"":""PAINT-01"",""window_minutes"":5}"
2025-06-24 10:00:00,BAT-01,WO-2025-0601,0.0179,LOW,0.91,"{""machine_id"":""BAT-01"",""window_minutes"":5}"
2025-06-24 10:05:00,CNC-01,WO-2025-0602,0.021,LOW,0.87,"{""machine_id"":""CNC-01"",""window_minutes"":5}"
2025-06-24 10:05:00,PAINT-01,WO-2025-0603,0.0346,LOW,0.79,"{""machine_id"":""PAINT-01"",""window_minutes"":5}"
2025-06-24 10:05:00,BAT-01,WO-2025-0604,0.0356,LOW,0.86,"{""machine_id"":""BAT-01"",""window_minutes"":5}"
2025-06-24 10:10:00,CNC-01,WO-2025-0605,0.21,HIGH,0.92,"{""vibration_rms"":2.1,""temperature"":52.3,""trigger"":""frame_welding_crisis""}"
2025-06-24 10:10:00,PAINT-01,WO-2025-0606,0.0235,LOW,0.91,"{""machine_id"":""PAINT-01"",""window_minutes"":5}"
2025-06-24 10:10:00,BAT-01,WO-2025-0607,0.0116,LOW,0.9,"{""machine_id"":""BAT-01"",""window_minutes"":5}"
2025-06-24 10:15:00,CNC-01,WO-2025-0608,0.2217,HIGH,0.87,"{""vibration_rms"":2.1,""temperature"":52.3,""trigger"":""frame_welding_crisis""}"
2025-06-24 10:15:00,PAINT-01,WO-2025-0609,0.0184,LOW,0.86,"{""machine_id"":""PAINT-01"",""window_minutes"":5}"
2025-06-24 10:15:00,BAT-01,WO-2025-0610,0.0347,LOW,0.78,"{""machine_id"":""BAT-01"",""window_minutes"":5}"
2025-06-24 10:20:00,CNC-01,WO-2025-0611,0.2114,HIGH,0.87,"{""vibration_rms"":2.1,""temperature"":52.3,""trigger"":""frame_welding_crisis""}"
2025-06-24 10:20:00,PAINT-01,WO-2025-0612,0.0198,LOW,0.89,"{""machine_id"":""PAINT-01"",""window_minutes"":5}"
2025-06-24 10:20:00,BAT-01,WO-2025-0613,0.0262,LOW,0.84,"{""machine_id"":""BAT-01"",""window_minutes"":5}"
2025-06-24 10:25:00,CNC-01,WO-2025-0614,0.1932,HIGH,0.89,"{""vibration_rms"":2.1,""temperature"":52.3,""trigger"":""frame_welding_crisis""}"
2025-06-24 10:25:00,PAINT-01,WO-2025-0615,0.0236,LOW,0.8,"{""machine_id"":""PAINT-01"",""window_minutes"":5}"
2025-06-24 10:25:00,BAT-01,WO-2025-0616,0.0445,LOW,0.82,"{""machine_id"":""BAT-01"",""window_minutes"":5}"
2025-06-24 10:30:00,CNC-01,WO-2025-0617,0.1919,HIGH,0.91,"{""vibration_rms"":2.1,""temperature"":52.3,""trigger"":""frame_welding_crisis""}"
2025-06-24 10:30:00,PAINT-01,WO-2025-0618,0.0306,LOW,0.79,"{""machine_id"":""PAINT-01"",""window_minutes"":5}"
2025-06-24 10:30:00,BAT-01,WO-2025-0619,0.0197,LOW,0.8,"{""machine_id"":""BAT-01"",""window_minutes"":5}"
2025-06-24 10:35:00,CNC-01,WO-2025-0620,0.028,LOW,0.8,"{""machine_id"":""CNC-01"",""window_minutes"":5}"
2025-06-24 10:35:00,PAINT-01,WO-2025-0601,0.012,LOW,0.91,"{""machine_id"":""PAINT-01"",""window_minutes"":5}"
2025-06-24 10:35:00,BAT-01,WO-2025-0602,0.0446,LOW,0.84,"{""machine_id"":""BAT-01"",""window_minutes"":5}"
2025-06-24 10:40:00,CNC-01,WO-2025-0603,0.0485,LOW,0.91,"{""machine_id"":""CNC-01"",""window_minutes"":5}"
2025-06-24 10:40:00,PAINT-01,WO-2025-0604,0.0425,LOW,0.91,"{""machine_id"":""PAINT-01"",""window_minutes"":5}"
2025-06-24 10:40:00,BAT-01,WO-2025-0605,0.0388,LOW,0.81,"{""machine_id"":""BAT-01"",""window_minutes"":5}"
2025-06-24 10:45:00,CNC-01,WO-2025-0606,0.0164,LOW,0.92,"{""machine_id"":""CNC-01"",""window_minutes"":5}"
2025-06-24 10:45:00,PAINT-01,WO-2025-0607,0.0287,LOW,0.9,"{""machine_id"":""PAINT-01"",""window_minutes"":5}"
2025-06-24 10:45:00,BAT-01,WO-2025-0608,0.0299,LOW,0.79,"{""machine_id"":""BAT-01"",""window_minutes"":5}"
2025-06-24 10:50:00,CNC-01,WO-2025-0609,0.0257,LOW,0.84,"{""machine_id"":""CNC-01"",""window_minutes"":5}"
2025-06-24 10:50:00,PAINT-01,WO-2025-0610,0.0196,LOW,0.86,"{""machine_id"":""PAINT-01"",""window_minutes"":5}"
2025-06-24 10:50:00,BAT-01,WO-2025-0611,0.0119,LOW,0.82,"{""machine_id"":""BAT-01"",""window_minutes"":5}"
2025-06-24 10:55:00,CNC-01,WO-2025-0612,0.0339,LOW,0.9,"{""machine_id"":""CNC-01"",""window_minutes"":5}"
2025-06-24 10:55:00,PAINT-01,WO-2025-0613,0.0369,LOW,0.82,"{""machine_id"":""PAINT-01"",""window_minutes"":5}"
2025-06-24 10:55:00,BAT-01,WO-2025-0614,0.0103,LOW,0.8,"{""machine_id"":""BAT-01"",""window_minutes"":5}"
2025-06-24 11:00:00,CNC-01,WO-2025-0615,0.0154,LOW,0.82,"{""machine_id"":""CNC-01"",""window_minutes"":5}"
2025-06-24 11:00:00,PAINT-01,WO-2025-0616,0.0246,LOW,0.84,"{""machine_id"":""PAINT-01"",""window_minutes"":5}"
2025-06-24 11:00:00,BAT-01,WO-2025-0617,0.0118,LOW,0.79,"{""machine_id"":""BAT-01"",""window_minutes"":5}"
2025-06-24 11:05:00,CNC-01,WO-2025-0618,0.0325,LOW,0.83,"{""machine_id"":""CNC-01"",""window_minutes"":5}"
2025-06-24 11:05:00,PAINT-01,WO-2025-0619,0.0215,LOW,0.83,"{""machine_id"":""PAINT-01"",""window_minutes"":5}"
2025-06-24 11:05:00,BAT-01,WO-2025-0620,0.028,LOW,0.86,"{""machine_id"":""BAT-01"",""window_minutes"":5}"
2025-06-24 11:10:00,CNC-01,WO-2025-0601,0.043,LOW,0.87,"{""machine_id"":""CNC-01"",""window_minutes"":5}"
2025-06-24 11:10:00,PAINT-01,WO-2025-0602,0.0344,LOW,0.8,"{""machine_id"":""PAINT-01"",""window_minutes"":5}"
2025-06-24 11:10:00,BAT-01,WO-2025-0603,0.0139,LOW,0.83,"{""machine_id"":""BAT-01"",""window_minutes"":5}"
2025-06-24 11:15:00,CNC-01,WO-2025-0604,0.0495,LOW,0.86,"{""machine_id"":""CNC-01"",""window_minutes"":5}"
2025-06-24 11:15:00,PAINT-01,WO-2025-0605,0.0246,LOW,0.8,"{""machine_id"":""PAINT-01"",""window_minutes"":5}"
2025-06-24 11:15:00,BAT-01,WO-2025-0606,0.0341,LOW,0.84,"{""machine_id"":""BAT-01"",""window_minutes"":5}"
2025-06-24 11:20:00,CNC-01,WO-2025-0607,0.0116,LOW,0.79,"{""machine_id"":""CNC-01"",""window_minutes"":5}"
2025-06-24 11:20:00,PAINT-01,WO-2025-0608,0.0385,LOW,0.89,"{""machine_id"":""PAINT-01"",""window_minutes"":5}"
2025-06-24 11:20:00,BAT-01,WO-2025-0609,0.0308,LOW,0.8,"{""machine_id"":""BAT-01"",""window_minutes"":5}"
2025-06-24 11:25:00,CNC-01,WO-2025-0610,0.0457,LOW,0.8,"{""machine_id"":""CNC-01"",""window_minutes"":5}"
2025-06-24 11:25:00,PAINT-01,WO-2025-0611,0.0473,LOW,0.82,"{""machine_id"":""PAINT-01"",""window_minutes"":5}"
2025-06-24 11:25:00,BAT-01,WO-2025-0612,0.0257,LOW,0.87,"{""machine_id"":""BAT-01"",""window_minutes"":5}"
2025-06-24 11:30:00,CNC-01,WO-2025-0613,0.0437,LOW,0.86,"{""machine_id"":""CNC-01"",""window_minutes"":5}"
2025-06-24 11:30:00,PAINT-01,WO-2025-0614,0.0303,LOW,0.85,"{""machine_id"":""PAINT-01"",""window_minutes"":5}"
2025-06-24 11:30:00,BAT-01,WO-2025-0615,0.0296,LOW,0.86,"{""machine_id"":""BAT-01"",""window_minutes"":5}"
2025-06-24 11:35:00,CNC-01,WO-2025-0616,0.029,LOW,0.78,"{""machine_id"":""CNC-01"",""window_minutes"":5}"
2025-06-24 11:35:00,PAINT-01,WO-2025-0617,0.0232,LOW,0.8,"{""machine_id"":""PAINT-01"",""window_minutes"":5}"
2025-06-24 11:35:00,BAT-01,WO-2025-0618,0.0267,LOW,0.82,"{""machine_id"":""BAT-01"",""window_minutes"":5}"
2025-06-24 11:40:00,CNC-01,WO-2025-0619,0.046,LOW,0.9,"{""machine_id"":""CNC-01"",""window_minutes"":5}"
2025-06-24 11:40:00,PAINT-01,WO-2025-0620,0.0352,LOW,0.86,"{""machine_id"":""PAINT-01"",""window_minutes"":5}"
2025-06-24 11:40:00,BAT-01,WO-2025-0601,0.0206,LOW,0.87,"{""machine_id"":""BAT-01"",""window_minutes"":5}"
2025-06-24 11:45:00,CNC-01,WO-2025-0602,0.0489,LOW,0.86,"{""machine_id"":""CNC-01"",""window_minutes"":5}"
2025-06-24 11:45:00,PAINT-01,WO-2025-0603,0.0191,LOW,0.79,"{""machine_id"":""PAINT-01"",""window_minutes"":5}"
2025-06-24 11:45:00,BAT-01,WO-2025-0604,0.0292,LOW,0.85,"{""machine_id"":""BAT-01"",""window_minutes"":5}"
2025-06-24 11:50:00,CNC-01,WO-2025-0605,0.0388,LOW,0.89,"{""machine_id"":""CNC-01"",""window_minutes"":5}"
2025-06-24 11:50:00,PAINT-01,WO-2025-0606,0.0252,LOW,0.9,"{""machine_id"":""PAINT-01"",""window_minutes"":5}"
2025-06-24 11:50:00,BAT-01,WO-2025-0607,0.0197,LOW,0.86,"{""machine_id"":""BAT-01"",""window_minutes"":5}"
2025-06-24 11:55:00,CNC-01,WO-2025-0608,0.038,LOW,0.81,"{""machine_id"":""CNC-01"",""window_minutes"":5}"
2025-06-24 11:55:00,PAINT-01,WO-2025-0609,0.0276,LOW,0.84,"{""machine_id"":""PAINT-01"",""window_minutes"":5}"
2025-06-24 11:55:00,BAT-01,WO-2025-0610,0.0265,LOW,0.81,"{""machine_id"":""BAT-01"",""window_minutes"":5}"
2025-06-24 12:00:00,CNC-01,WO-2025-0611,0.0301,LOW,0.87,"{""machine_id"":""CNC-01"",""window_minutes"":5}"
2025-06-24 12:00:00,PAINT-01,WO-2025-0612,0.0289,LOW,0.9,"{""machine_id"":""PAINT-01"",""window_minutes"":5}"
2025-06-24 12:00:00,BAT-01,WO-2025-0613,0.0391,LOW,0.88,"{""machine_id"":""BAT-01"",""window_minutes"":5}"
2025-06-24 12:05:00,CNC-01,WO-2025-0614,0.0307,LOW,0.86,"{""machine_id"":""CNC-01"",""window_minutes"":5}"
2025-06-24 12:05:00,PAINT-01,WO-2025-0615,0.0499,LOW,0.85,"{""machine_id"":""PAINT-01"",""window_minutes"":5}"
2025-06-24 12:05:00,BAT-01,WO-2025-0616,0.0251,LOW,0.91,"{""machine_id"":""BAT-01"",""window_minutes"":5}"
2025-06-24 12:10:00,CNC-01,WO-2025-0617,0.0284,LOW,0.85,"{""machine_id"":""CNC-01"",""window_minutes"":5}"
2025-06-24 12:10:00,PAINT-01,WO-2025-0618,0.0319,LOW,0.87,"{""machine_id"":""PAINT-01"",""window_minutes"":5}"
2025-06-24 12:10:00,BAT-01,WO-2025-0619,0.0447,LOW,0.88,"{""machine_id"":""BAT-01"",""window_minutes"":5}"
2025-06-24 12:15:00,CNC-01,WO-2025-0620,0.0421,LOW,0.82,"{""machine_id"":""CNC-01"",""window_minutes"":5}"
2025-06-24 12:15:00,PAINT-01,WO-2025-0601,0.0294,LOW,0.91,"{""machine_id"":""PAINT-01"",""window_minutes"":5}"
2025-06-24 12:15:00,BAT-01,WO-2025-0602,0.0212,LOW,0.82,"{""machine_id"":""BAT-01"",""window_minutes"":5}"
2025-06-24 12:20:00,CNC-01,WO-2025-0603,0.0477,LOW,0.92,"{""machine_id"":""CNC-01"",""window_minutes"":5}"
2025-06-24 12:20:00,PAINT-01,WO-2025-0604,0.0408,LOW,0.88,"{""machine_id"":""PAINT-01"",""window_minutes"":5}"
2025-06-24 12:20:00,BAT-01,WO-2025-0605,0.0376,LOW,0.85,"{""machine_id"":""BAT-01"",""window_minutes"":5}"
2025-06-24 12:25:00,CNC-01,WO-2025-0606,0.0292,LOW,0.86,"{""machine_id"":""CNC-01"",""window_minutes"":5}"
2025-06-24 12:25:00,PAINT-01,WO-2025-0607,0.0474,LOW,0.88,"{""machine_id"":""PAINT-01"",""window_minutes"":5}"
2025-06-24 12:25:00,BAT-01,WO-2025-0608,0.0215,LOW,0.86,"{""machine_id"":""BAT-01"",""window_minutes"":5}"
2025-06-24 12:30:00,CNC-01,WO-2025-0609,0.0317,LOW,0.91,"{""machine_id"":""CNC-01"",""window_minutes"":5}"
2025-06-24 12:30:00,PAINT-01,WO-2025-0610,0.0258,LOW,0.83,"{""machine_id"":""PAINT-01"",""window_minutes"":5}"
2025-06-24 12:30:00,BAT-01,WO-2025-0611,0.0409,LOW,0.8,"{""machine_id"":""BAT-01"",""window_minutes"":5}"
2025-06-24 12:35:00,CNC-01,WO-2025-0612,0.0117,LOW,0.91,"{""machine_id"":""CNC-01"",""window_minutes"":5}"
2025-06-24 12:35:00,PAINT-01,WO-2025-0613,0.0132,LOW,0.91,"{""machine_id"":""PAINT-01"",""window_minutes"":5}"
2025-06-24 12:35:00,BAT-01,WO-2025-0614,0.0362,LOW,0.88,"{""machine_id"":""BAT-01"",""window_minutes"":5}"
2025-06-24 12:40:00,CNC-01,WO-2025-0615,0.0186,LOW,0.9,"{""machine_id"":""CNC-01"",""window_minutes"":5}"
2025-06-24 12:40:00,PAINT-01,WO-2025-0616,0.0208,LOW,0.86,"{""machine_id"":""PAINT-01"",""window_minutes"":5}"
2025-06-24 12:40:00,BAT-01,WO-2025-0617,0.0209,LOW,0.8,"{""machine_id"":""BAT-01"",""window_minutes"":5}"
2025-06-24 12:45:00,CNC-01,WO-2025-0618,0.0396,LOW,0.81,"{""machine_id"":""CNC-01"",""window_minutes"":5}"
2025-06-24 12:45:00,PAINT-01,WO-2025-0619,0.012,LOW,0.91,"{""machine_id"":""PAINT-01"",""window_minutes"":5}"
2025-06-24 12:45:00,BAT-01,WO-2025-0620,0.019,LOW,0.81,"{""machine_id"":""BAT-01"",""window_minutes"":5}"
2025-06-24 12:50:00,CNC-01,WO-2025-0601,0.014,LOW,0.83,"{""machine_id"":""CNC-01"",""window_minutes"":5}"
2025-06-24 12:50:00,PAINT-01,WO-2025-0602,0.0289,LOW,0.88,"{""machine_id"":""PAINT-01"",""window_minutes"":5}"
2025-06-24 12:50:00,BAT-01,WO-2025-0603,0.0155,LOW,0.92,"{""machine_id"":""BAT-01"",""window_minutes"":5}"
2025-06-24 12:55:00,CNC-01,WO-2025-0604,0.0491,LOW,0.8,"{""machine_id"":""CNC-01"",""window_minutes"":5}"
2025-06-24 12:55:00,PAINT-01,WO-2025-0605,0.0361,LOW,0.9,"{""machine_id"":""PAINT-01"",""window_minutes"":5}"
2025-06-24 12:55:00,BAT-01,WO-2025-0606,0.029,LOW,0.87,"{""machine_id"":""BAT-01"",""window_minutes"":5}"
2025-06-24 13:00:00,CNC-01,WO-2025-0607,0.0402,LOW,0.82,"{""machine_id"":""CNC-01"",""window_minutes"":5}"
2025-06-24 13:00:00,PAINT-01,WO-2025-0608,0.1107,MEDIUM,0.85,"{""humidity"":58.0,""shift"":""afternoon"",""trigger"":""paint_booth_humidity""}"
2025-06-24 13:00:00,BAT-01,WO-2025-0609,0.0193,LOW,0.88,"{""machine_id"":""BAT-01"",""window_minutes"":5}"
2025-06-24 13:05:00,CNC-01,WO-2025-0610,0.044,LOW,0.79,"{""machine_id"":""CNC-01"",""window_minutes"":5}"
2025-06-24 13:05:00,PAINT-01,WO-2025-0611,0.1135,MEDIUM,0.87,"{""humidity"":58.25,""shift"":""afternoon"",""trigger"":""paint_booth_humidity""}"
2025-06-24 13:05:00,BAT-01,WO-2025-0612,0.0115,LOW,0.9,"{""machine_id"":""BAT-01"",""window_minutes"":5}"
2025-06-24 13:10:00,CNC-01,WO-2025-0613,0.0415,LOW,0.81,"{""machine_id"":""CNC-01"",""window_minutes"":5}"
2025-06-24 13:10:00,PAINT-01,WO-2025-0614,0.0916,MEDIUM,0.8,"{""humidity"":58.5,""shift"":""afternoon"",""trigger"":""paint_booth_humidity""}"
2025-06-24 13:10:00,BAT-01,WO-2025-0615,0.0219,LOW,0.86,"{""machine_id"":""BAT-01"",""window_minutes"":5}"
2025-06-24 13:15:00,CNC-01,WO-2025-0616,0.0471,LOW,0.83,"{""machine_id"":""CNC-01"",""window_minutes"":5}"
2025-06-24 13:15:00,PAINT-01,WO-2025-0617,0.101,MEDIUM,0.87,"{""humidity"":58.75,""shift"":""afternoon"",""trigger"":""paint_booth_humidity""}"
2025-06-24 13:15:00,BAT-01,WO-2025-0618,0.0154,LOW,0.85,"{""machine_id"":""BAT-01"",""window_minutes"":5}"
2025-06-24 13:20:00,CNC-01,WO-2025-0619,0.0209,LOW,0.89,"{""machine_id"":""CNC-01"",""window_minutes"":5}"
2025-06-24 13:20:00,PAINT-01,WO-2025-0620,0.1059,MEDIUM,0.86,"{""humidity"":59.0,""shift"":""afternoon"",""trigger"":""paint_booth_humidity""}"
2025-06-24 13:20:00,BAT-01,WO-2025-0601,0.0106,LOW,0.83,"{""machine_id"":""BAT-01"",""window_minutes"":5}"
2025-06-24 13:25:00,CNC-01,WO-2025-0602,0.0218,LOW,0.87,"{""machine_id"":""CNC-01"",""window_minutes"":5}"
2025-06-24 13:25:00,PAINT-01,WO-2025-0603,0.1055,MEDIUM,0.83,"{""humidity"":59.25,""shift"":""afternoon"",""trigger"":""paint_booth_humidity""}"
2025-06-24 13:25:00,BAT-01,WO-2025-0604,0.0271,LOW,0.83,"{""machine_id"":""BAT-01"",""window_minutes"":5}"
2025-06-24 13:30:00,CNC-01,WO-2025-0605,0.026,LOW,0.79,"{""machine_id"":""CNC-01"",""window_minutes"":5}"
2025-06-24 13:30:00,PAINT-01,WO-2025-0606,0.1174,MEDIUM,0.8,"{""humidity"":59.5,""shift"":""afternoon"",""trigger"":""paint_booth_humidity""}"
2025-06-24 13:30:00,BAT-01,WO-2025-0607,0.0253,LOW,0.84,"{""machine_id"":""BAT-01"",""window_minutes"":5}"
2025-06-24 13:35:00,CNC-01,WO-2025-0608,0.0207,LOW,0.83,"{""machine_id"":""CNC-01"",""window_minutes"":5}"
2025-06-24 13:35:00,PAINT-01,WO-2025-0609,0.0905,MEDIUM,0.83,"{""humidity"":59.75,""shift"":""afternoon"",""trigger"":""paint_booth_humidity""}"
2025-06-24 13:35:00,BAT-01,WO-2025-0610,0.0195,LOW,0.87,"{""machine_id"":""BAT-01"",""window_minutes"":5}"
2025-06-24 13:40:00,CNC-01,WO-2025-0611,0.0286,LOW,0.8,"{""machine_id"":""CNC-01"",""window_minutes"":5}"
2025-06-24 13:40:00,PAINT-01,WO-2025-0612,0.1155,MEDIUM,0.86,"{""humidity"":60.0,""shift"":""afternoon"",""trigger"":""paint_booth_humidity""}"
2025-06-24 13:40:00,BAT-01,WO-2025-0613,0.0376,LOW,0.87,"{""machine_id"":""BAT-01"",""window_minutes"":5}"
2025-06-24 13:45:00,CNC-01,WO-2025-0614,0.0476,LOW,0.83,"{""machine_id"":""CNC-01"",""window_minutes"":5}"
2025-06-24 13:45:00,PAINT-01,WO-2025-0615,0.0991,MEDIUM,0.84,"{""humidity"":60.25,""shift"":""afternoon"",""trigger"":""paint_booth_humidity""}"
2025-06-24 13:45:00,BAT-01,WO-2025-0616,0.0496,LOW,0.83,"{""machine_id"":""BAT-01"",""window_minutes"":5}"
2025-06-24 13:50:00,CNC-01,WO-2025-0617,0.0381,LOW,0.91,"{""machine_id"":""CNC-01"",""window_minutes"":5}"
2025-06-24 13:50:00,PAINT-01,WO-2025-0618,0.113,MEDIUM,0.86,"{""humidity"":60.5,""shift"":""afternoon"",""trigger"":""paint_booth_humidity""}"
2025-06-24 13:50:00,BAT-01,WO-2025-0619,0.0372,LOW,0.86,"{""machine_id"":""BAT-01"",""window_minutes"":5}"
2025-06-24 13:55:00,CNC-01,WO-2025-0620,0.0415,LOW,0.85,"{""machine_id"":""CNC-01"",""window_minutes"":5}"
2025-06-24 13:55:00,PAINT-01,WO-2025-0601,0.1167,MEDIUM,0.81,"{""humidity"":60.75,""shift"":""afternoon"",""trigger"":""paint_booth_humidity""}"
2025-06-24 13:55:00,BAT-01,WO-2025-0602,0.0432,LOW,0.91,"{""machine_id"":""BAT-01"",""window_minutes"":5}"
2025-06-24 14:00:00,CNC-01,WO-2025-0603,0.0181,LOW,0.86,"{""machine_id"":""CNC-01"",""window_minutes"":5}"
2025-06-24 14:00:00,PAINT-01,WO-2025-0604,0.0977,MEDIUM,0.85,"{""humidity"":61.0,""shift"":""afternoon"",""trigger"":""paint_booth_humidity""}"
2025-06-24 14:00:00,BAT-01,WO-2025-0605,0.0387,LOW,0.85,"{""machine_id"":""BAT-01"",""window_minutes"":5}"
2025-06-24 14:05:00,CNC-01,WO-2025-0606,0.046,LOW,0.84,"{""machine_id"":""CNC-01"",""window_minutes"":5}"
2025-06-24 14:05:00,PAINT-01,WO-2025-0607,0.0966,MEDIUM,0.85,"{""humidity"":61.25,""shift"":""afternoon"",""trigger"":""paint_booth_humidity""}"
2025-06-24 14:05:00,BAT-01,WO-2025-0608,0.0324,LOW,0.87,"{""machine_id"":""BAT-01"",""window_minutes"":5}"
2025-06-24 14:10:00,CNC-01,WO-2025-0609,0.0223,LOW,0.78,"{""machine_id"":""CNC-01"",""window_minutes"":5}"
2025-06-24 14:10:00,PAINT-01,WO-2025-0610,0.0887,MEDIUM,0.81,"{""humidity"":61.5,""shift"":""afternoon"",""trigger"":""paint_booth_humidity""}"
2025-06-24 14:10:00,BAT-01,WO-2025-0611,0.0269,LOW,0.88,"{""machine_id"":""BAT-01"",""window_minutes"":5}"
2025-06-24 14:15:00,CNC-01,WO-2025-0612,0.0316,LOW,0.79,"{""machine_id"":""CNC-01"",""window_minutes"":5}"
2025-06-24 14:15:00,PAINT-01,WO-2025-0613,0.0989,MEDIUM,0.82,"{""humidity"":61.75,""shift"":""afternoon"",""trigger"":""paint_booth_humidity""}"
2025-06-24 14:15:00,BAT-01,WO-2025-0614,0.0172,LOW,0.8,"{""machine_id"":""BAT-01"",""window_minutes"":5}"
2025-06-24 14:20:00,CNC-01,WO-2025-0615,0.0357,LOW,0.88,"{""machine_id"":""CNC-01"",""window_minutes"":5}"
2025-06-24 14:20:00,PAINT-01,WO-2025-0616,0.1157,MEDIUM,0.84,"{""humidity"":62.0,""shift"":""afternoon"",""trigger"":""paint_booth_humidity""}"
2025-06-24 14:20:00,BAT-01,WO-2025-0617,0.0467,LOW,0.83,"{""machine_id"":""BAT-01"",""window_minutes"":5}"
2025-06-24 14:25:00,CNC-01,WO-2025-0618,0.0132,LOW,0.91,"{""machine_id"":""CNC-01"",""window_minutes"":5}"
2025-06-24 14:25:00,PAINT-01,WO-2025-0619,0.1144,MEDIUM,0.81,"{""humidity"":62.25,""shift"":""afternoon"",""trigger"":""paint_booth_humidity""}"
2025-06-24 14:25:00,BAT-01,WO-2025-0620,0.0497,LOW,0.84,"{""machine_id"":""BAT-01"",""window_minutes"":5}"
2025-06-24 14:30:00,CNC-01,WO-2025-0601,0.0151,LOW,0.92,"{""machine_id"":""CNC-01"",""window_minutes"":5}"
2025-06-24 14:30:00,PAINT-01,WO-2025-0602,0.1191,MEDIUM,0.84,"{""humidity"":62.5,""shift"":""afternoon"",""trigger"":""paint_booth_humidity""}"
2025-06-24 14:30:00,BAT-01,WO-2025-0603,0.0388,LOW,0.84,"{""machine_id"":""BAT-01"",""window_minutes"":5}"
2025-06-24 14:35:00,CNC-01,WO-2025-0604,0.0252,LOW,0.81,"{""machine_id"":""CNC-01"",""window_minutes"":5}"
2025-06-24 14:35:00,PAINT-01,WO-2025-0605,0.0875,MEDIUM,0.87,"{""humidity"":62.75,""shift"":""afternoon"",""trigger"":""paint_booth_humidity""}"
2025-06-24 14:35:00,BAT-01,WO-2025-0606,0.0406,LOW,0.78,"{""machine_id"":""BAT-01"",""window_minutes"":5}"
2025-06-24 14:40:00,CNC-01,WO-2025-0607,0.0364,LOW,0.87,"{""machine_id"":""CNC-01"",""window_minutes"":5}"
2025-06-24 14:40:00,PAINT-01,WO-2025-0608,0.0896,MEDIUM,0.81,"{""humidity"":63.0,""shift"":""afternoon"",""trigger"":""paint_booth_humidity""}"
2025-06-24 14:40:00,BAT-01,WO-2025-0609,0.0338,LOW,0.84,"{""machine_id"":""BAT-01"",""window_minutes"":5}"
2025-06-24 14:45:00,CNC-01,WO-2025-0610,0.0369,LOW,0.9,"{""machine_id"":""CNC-01"",""window_minutes"":5}"
2025-06-24 14:45:00,PAINT-01,WO-2025-0611,0.0976,MEDIUM,0.84,"{""humidity"":63.25,""shift"":""afternoon"",""trigger"":""paint_booth_humidity""}"
2025-06-24 14:45:00,BAT-01,WO-2025-0612,0.0402,LOW,0.89,"{""machine_id"":""BAT-01"",""window_minutes"":5}"
2025-06-24 14:50:00,CNC-01,WO-2025-0613,0.0156,LOW,0.92,"{""machine_id"":""CNC-01"",""window_minutes"":5}"
2025-06-24 14:50:00,PAINT-01,WO-2025-0614,0.103,MEDIUM,0.85,"{""humidity"":63.5,""shift"":""afternoon"",""trigger"":""paint_booth_humidity""}"
2025-06-24 14:50:00,BAT-01,WO-2025-0615,0.0409,LOW,0.89,"{""machine_id"":""BAT-01"",""window_minutes"":5}"
2025-06-24 14:55:00,CNC-01,WO-2025-0616,0.0195,LOW,0.9,"{""machine_id"":""CNC-01"",""window_minutes"":5}"
2025-06-24 14:55:00,PAINT-01,WO-2025-0617,0.0965,MEDIUM,0.82,"{""humidity"":63.75,""shift"":""afternoon"",""trigger"":""paint_booth_humidity""}"
2025-06-24 14:55:00,BAT-01,WO-2025-0618,0.0323,LOW,0.86,"{""machine_id"":""BAT-01"",""window_minutes"":5}"
2025-06-24 15:00:00,CNC-01,WO-2025-0619,0.0394,LOW,0.8,"{""machine_id"":""CNC-01"",""window_minutes"":5}"
2025-06-24 15:00:00,PAINT-01,WO-2025-0620,0.0819,MEDIUM,0.83,"{""humidity"":64.0,""shift"":""afternoon"",""trigger"":""paint_booth_humidity""}"
2025-06-24 15:00:00,BAT-01,WO-2025-0601,0.0357,LOW,0.83,"{""machine_id"":""BAT-01"",""window_minutes"":5}"
2025-06-24 15:05:00,CNC-01,WO-2025-0602,0.031,LOW,0.88,"{""machine_id"":""CNC-01"",""window_minutes"":5}"
2025-06-24 15:05:00,PAINT-01,WO-2025-0603,0.0263,LOW,0.82,"{""machine_id"":""PAINT-01"",""window_minutes"":5}"
2025-06-24 15:05:00,BAT-01,WO-2025-0604,0.0174,LOW,0.86,"{""machine_id"":""BAT-01"",""window_minutes"":5}"
2025-06-24 15:10:00,CNC-01,WO-2025-0605,0.0196,LOW,0.81,"{""machine_id"":""CNC-01"",""window_minutes"":5}"
2025-06-24 15:10:00,PAINT-01,WO-2025-0606,0.0443,LOW,0.8,"{""machine_id"":""PAINT-01"",""window_minutes"":5}"
2025-06-24 15:10:00,BAT-01,WO-2025-0607,0.0285,LOW,0.79,"{""machine_id"":""BAT-01"",""window_minutes"":5}"
2025-06-24 15:15:00,CNC-01,WO-2025-0608,0.0265,LOW,0.84,"{""machine_id"":""CNC-01"",""window_minutes"":5}"
2025-06-24 15:15:00,PAINT-01,WO-2025-0609,0.0312,LOW,0.83,"{""machine_id"":""PAINT-01"",""window_minutes"":5}"
2025-06-24 15:15:00,BAT-01,WO-2025-0610,0.0202,LOW,0.83,"{""machine_id"":""BAT-01"",""window_minutes"":5}"
2025-06-24 15:20:00,CNC-01,WO-2025-0611,0.0132,LOW,0.84,"{""machine_id"":""CNC-01"",""window_minutes"":5}"
2025-06-24 15:20:00,PAINT-01,WO-2025-0612,0.0248,LOW,0.85,"{""machine_id"":""PAINT-01"",""window_minutes"":5}"
2025-06-24 15:20:00,BAT-01,WO-2025-0613,0.0432,LOW,0.79,"{""machine_id"":""BAT-01"",""window_minutes"":5}"
2025-06-24 15:25:00,CNC-01,WO-2025-0614,0.0251,LOW,0.86,"{""machine_id"":""CNC-01"",""window_minutes"":5}"
2025-06-24 15:25:00,PAINT-01,WO-2025-0615,0.0116,LOW,0.79,"{""machine_id"":""PAINT-01"",""window_minutes"":5}"
2025-06-24 15:25:00,BAT-01,WO-2025-0616,0.0422,LOW,0.86,"{""machine_id"":""BAT-01"",""window_minutes"":5}"
2025-06-24 15:30:00,CNC-01,WO-2025-0617,0.0369,LOW,0.81,"{""machine_id"":""CNC-01"",""window_minutes"":5}"
2025-06-24 15:30:00,PAINT-01,WO-2025-0618,0.0184,LOW,0.91,"{""machine_id"":""PAINT-01"",""window_minutes"":5}"
2025-06-24 15:30:00,BAT-01,WO-2025-0619,0.0221,LOW,0.91,"{""machine_id"":""BAT-01"",""window_minutes"":5}"
2025-06-24 15:35:00,CNC-01,WO-2025-0620,0.0185,LOW,0.81,"{""machine_id"":""CNC-01"",""window_minutes"":5}"
2025-06-24 15:35:00,PAINT-01,WO-2025-0601,0.0397,LOW,0.88,"{""machine_id"":""PAINT-01"",""window_minutes"":5}"
2025-06-24 15:35:00,BAT-01,WO-2025-0602,0.0402,LOW,0.91,"{""machine_id"":""BAT-01"",""window_minutes"":5}"
2025-06-24 15:40:00,CNC-01,WO-2025-0603,0.0378,LOW,0.88,"{""machine_id"":""CNC-01"",""window_minutes"":5}"
2025-06-24 15:40:00,PAINT-01,WO-2025-0604,0.0259,LOW,0.81,"{""machine_id"":""PAINT-01"",""window_minutes"":5}"
2025-06-24 15:40:00,BAT-01,WO-2025-0605,0.0229,LOW,0.82,"{""machine_id"":""BAT-01"",""window_minutes"":5}"
2025-06-24 15:45:00,CNC-01,WO-2025-0606,0.0287,LOW,0.87,"{""machine_id"":""CNC-01"",""window_minutes"":5}"
2025-06-24 15:45:00,PAINT-01,WO-2025-0607,0.0223,LOW,0.83,"{""machine_id"":""PAINT-01"",""window_minutes"":5}"
2025-06-24 15:45:00,BAT-01,WO-2025-0608,0.0453,LOW,0.85,"{""machine_id"":""BAT-01"",""window_minutes"":5}"
2025-06-24 15:50:00,CNC-01,WO-2025-0609,0.0421,LOW,0.88,"{""machine_id"":""CNC-01"",""window_minutes"":5}"
2025-06-24 15:50:00,PAINT-01,WO-2025-0610,0.0405,LOW,0.82,"{""machine_id"":""PAINT-01"",""window_minutes"":5}"
2025-06-24 15:50:00,BAT-01,WO-2025-0611,0.0181,LOW,0.82,"{""machine_id"":""BAT-01"",""window_minutes"":5}"
2025-06-24 15:55:00,CNC-01,WO-2025-0612,0.0118,LOW,0.9,"{""machine_id"":""CNC-01"",""window_minutes"":5}"
2025-06-24 15:55:00,PAINT-01,WO-2025-0613,0.0397,LOW,0.78,"{""machine_id"":""PAINT-01"",""window_minutes"":5}"
2025-06-24 15:55:00,BAT-01,WO-2025-0614,0.0321,LOW,0.86,"{""machine_id"":""BAT-01"",""window_minutes"":5}"
2025-06-24 16:00:00,CNC-01,WO-2025-0615,0.0388,LOW,0.82,"{""machine_id"":""CNC-01"",""window_minutes"":5}"
2025-06-24 16:00:00,PAINT-01,WO-2025-0616,0.0178,LOW,0.81,"{""machine_id"":""PAINT-01"",""window_minutes"":5}"
2025-06-24 16:00:00,BAT-01,WO-2025-0617,0.0328,LOW,0.81,"{""machine_id"":""BAT-01"",""window_minutes"":5}"
2025-06-24 16:05:00,CNC-01,WO-2025-0618,0.032,LOW,0.91,"{""machine_id"":""CNC-01"",""window_minutes"":5}"
2025-06-24 16:05:00,PAINT-01,WO-2025-0619,0.0235,LOW,0.89,"{""machine_id"":""PAINT-01"",""window_minutes"":5}"
2025-06-24 16:05:00,BAT-01,WO-2025-0620,0.0295,LOW,0.88,"{""machine_id"":""BAT-01"",""window_minutes"":5}"
2025-06-24 16:10:00,CNC-01,WO-2025-0601,0.0396,LOW,0.84,"{""machine_id"":""CNC-01"",""window_minutes"":5}"
2025-06-24 16:10:00,PAINT-01,WO-2025-0602,0.0393,LOW,0.83,"{""machine_id"":""PAINT-01"",""window_minutes"":5}"
2025-06-24 16:10:00,BAT-01,WO-2025-0603,0.0156,LOW,0.86,"{""machine_id"":""BAT-01"",""window_minutes"":5}"
2025-06-24 16:15:00,CNC-01,WO-2025-0604,0.0174,LOW,0.9,"{""machine_id"":""CNC-01"",""window_minutes"":5}"
2025-06-24 16:15:00,PAINT-01,WO-2025-0605,0.0496,LOW,0.91,"{""machine_id"":""PAINT-01"",""window_minutes"":5}"
2025-06-24 16:15:00,BAT-01,WO-2025-0606,0.031,LOW,0.9,"{""machine_id"":""BAT-01"",""window_minutes"":5}"
2025-06-24 16:20:00,CNC-01,WO-2025-0607,0.013,LOW,0.89,"{""machine_id"":""CNC-01"",""window_minutes"":5}"
2025-06-24 16:20:00,PAINT-01,WO-2025-0608,0.0119,LOW,0.78,"{""machine_id"":""PAINT-01"",""window_minutes"":5}"
2025-06-24 16:20:00,BAT-01,WO-2025-0609,0.0155,LOW,0.87,"{""machine_id"":""BAT-01"",""window_minutes"":5}"
2025-06-24 16:25:00,CNC-01,WO-2025-0610,0.0127,LOW,0.8,"{""machine_id"":""CNC-01"",""window_minutes"":5}"
2025-06-24 16:25:00,PAINT-01,WO-2025-0611,0.0187,LOW,0.84,"{""machine_id"":""PAINT-01"",""window_minutes"":5}"
2025-06-24 16:25:00,BAT-01,WO-2025-0612,0.0124,LOW,0.87,"{""machine_id"":""BAT-01"",""window_minutes"":5}"
2025-06-24 16:30:00,CNC-01,WO-2025-0613,0.0474,LOW,0.91,"{""machine_id"":""CNC-01"",""window_minutes"":5}"
2025-06-24 16:30:00,PAINT-01,WO-2025-0614,0.0364,LOW,0.78,"{""machine_id"":""PAINT-01"",""window_minutes"":5}"
2025-06-24 16:30:00,BAT-01,WO-2025-0615,0.0313,LOW,0.84,"{""machine_id"":""BAT-01"",""window_minutes"":5}"
2025-06-24 16:35:00,CNC-01,WO-2025-0616,0.0107,LOW,0.88,"{""machine_id"":""CNC-01"",""window_minutes"":5}"
2025-06-24 16:35:00,PAINT-01,WO-2025-0617,0.0314,LOW,0.82,"{""machine_id"":""PAINT-01"",""window_minutes"":5}"
2025-06-24 16:35:00,BAT-01,WO-2025-0618,0.0301,LOW,0.88,"{""machine_id"":""BAT-01"",""window_minutes"":5}"
2025-06-24 16:40:00,CNC-01,WO-2025-0619,0.0272,LOW,0.91,"{""machine_id"":""CNC-01"",""window_minutes"":5}"
2025-06-24 16:40:00,PAINT-01,WO-2025-0620,0.0172,LOW,0.91,"{""machine_id"":""PAINT-01"",""window_minutes"":5}"
2025-06-24 16:40:00,BAT-01,WO-2025-0601,0.031,LOW,0.81,"{""machine_id"":""BAT-01"",""window_minutes"":5}"
2025-06-24 16:45:00,CNC-01,WO-2025-0602,0.0348,LOW,0.82,"{""machine_id"":""CNC-01"",""window_minutes"":5}"
2025-06-24 16:45:00,PAINT-01,WO-2025-0603,0.0242,LOW,0.89,"{""machine_id"":""PAINT-01"",""window_minutes"":5}"
2025-06-24 16:45:00,BAT-01,WO-2025-0604,0.0132,LOW,0.91,"{""machine_id"":""BAT-01"",""window_minutes"":5}"
2025-06-24 16:50:00,CNC-01,WO-2025-0605,0.0284,LOW,0.81,"{""machine_id"":""CNC-01"",""window_minutes"":5}"
2025-06-24 16:50:00,PAINT-01,WO-2025-0606,0.0379,LOW,0.82,"{""machine_id"":""PAINT-01"",""window_minutes"":5}"
2025-06-24 16:50:00,BAT-01,WO-2025-0607,0.0431,LOW,0.79,"{""machine_id"":""BAT-01"",""window_minutes"":5}"
2025-06-24 16:55:00,CNC-01,WO-2025-0608,0.0497,LOW,0.87,"{""machine_id"":""CNC-01"",""window_minutes"":5}"
2025-06-24 16:55:00,PAINT-01,WO-2025-0609,0.0113,LOW,0.84,"{""machine_id"":""PAINT-01"",""window_minutes"":5}"
2025-06-24 16:55:00,BAT-01,WO-2025-0610,0.0251,LOW,0.85,"{""machine_id"":""BAT-01"",""window_minutes"":5}"
2025-06-24 17:00:00,CNC-01,WO-2025-0611,0.0355,LOW,0.88,"{""machine_id"":""CNC-01"",""window_minutes"":5}"
2025-06-24 17:00:00,PAINT-01,WO-2025-0612,0.0133,LOW,0.9,"{""machine_id"":""PAINT-01"",""window_minutes"":5}"
2025-06-24 17:00:00,BAT-01,WO-2025-0613,0.0358,LOW,0.83,"{""machine_id"":""BAT-01"",""window_minutes"":5}"
2025-06-24 17:05:00,CNC-01,WO-2025-0614,0.0491,LOW,0.92,"{""machine_id"":""CNC-01"",""window_minutes"":5}"
2025-06-24 17:05:00,PAINT-01,WO-2025-0615,0.0458,LOW,0.91,"{""machine_id"":""PAINT-01"",""window_minutes"":5}"
2025-06-24 17:05:00,BAT-01,WO-2025-0616,0.0192,LOW,0.91,"{""machine_id"":""BAT-01"",""window_minutes"":5}"
2025-06-24 17:10:00,CNC-01,WO-2025-0617,0.0377,LOW,0.86,"{""machine_id"":""CNC-01"",""window_minutes"":5}"
2025-06-24 17:10:00,PAINT-01,WO-2025-0618,0.0208,LOW,0.91,"{""machine_id"":""PAINT-01"",""window_minutes"":5}"
2025-06-24 17:10:00,BAT-01,WO-2025-0619,0.0374,LOW,0.82,"{""machine_id"":""BAT-01"",""window_minutes"":5}"
2025-06-24 17:15:00,CNC-01,WO-2025-0620,0.0317,LOW,0.87,"{""machine_id"":""CNC-01"",""window_minutes"":5}"
2025-06-24 17:15:00,PAINT-01,WO-2025-0601,0.0172,LOW,0.9,"{""machine_id"":""PAINT-01"",""window_minutes"":5}"
2025-06-24 17:15:00,BAT-01,WO-2025-0602,0.0106,LOW,0.81,"{""machine_id"":""BAT-01"",""window_minutes"":5}"
2025-06-24 17:20:00,CNC-01,WO-2025-0603,0.0158,LOW,0.89,"{""machine_id"":""CNC-01"",""window_minutes"":5}"
2025-06-24 17:20:00,PAINT-01,WO-2025-0604,0.0428,LOW,0.91,"{""machine_id"":""PAINT-01"",""window_minutes"":5}"
2025-06-24 17:20:00,BAT-01,WO-2025-0605,0.022,LOW,0.86,"{""machine_id"":""BAT-01"",""window_minutes"":5}"
2025-06-24 17:25:00,CNC-01,WO-2025-0606,0.0327,LOW,0.9,"{""machine_id"":""CNC-01"",""window_minutes"":5}"
2025-06-24 17:25:00,PAINT-01,WO-2025-0607,0.0371,LOW,0.86,"{""machine_id"":""PAINT-01"",""window_minutes"":5}"
2025-06-24 17:25:00,BAT-01,WO-2025-0608,0.0254,LOW,0.88,"{""machine_id"":""BAT-01"",""window_minutes"":5}"
2025-06-24 17:30:00,CNC-01,WO-2025-0609,0.0416,LOW,0.88,"{""machine_id"":""CNC-01"",""window_minutes"":5}"
2025-06-24 17:30:00,PAINT-01,WO-2025-0610,0.0131,LOW,0.88,"{""machine_id"":""PAINT-01"",""window_minutes"":5}"
2025-06-24 17:30:00,BAT-01,WO-2025-0611,0.0238,LOW,0.79,"{""machine_id"":""BAT-01"",""window_minutes"":5}"
2025-06-24 17:35:00,CNC-01,WO-2025-0612,0.0193,LOW,0.79,"{""machine_id"":""CNC-01"",""window_minutes"":5}"
2025-06-24 17:35:00,PAINT-01,WO-2025-0613,0.0342,LOW,0.87,"{""machine_id"":""PAINT-01"",""window_minutes"":5}"
2025-06-24 17:35:00,BAT-01,WO-2025-0614,0.0338,LOW,0.92,"{""machine_id"":""BAT-01"",""window_minutes"":5}"
2025-06-24 17:40:00,CNC-01,WO-2025-0615,0.0231,LOW,0.87,"{""machine_id"":""CNC-01"",""window_minutes"":5}"
2025-06-24 17:40:00,PAINT-01,WO-2025-0616,0.0413,LOW,0.84,"{""machine_id"":""PAINT-01"",""window_minutes"":5}"
2025-06-24 17:40:00,BAT-01,WO-2025-0617,0.0191,LOW,0.86,"{""machine_id"":""BAT-01"",""window_minutes"":5}"
2025-06-24 17:45:00,CNC-01,WO-2025-0618,0.025,LOW,0.81,"{""machine_id"":""CNC-01"",""window_minutes"":5}"
2025-06-24 17:45:00,PAINT-01,WO-2025-0619,0.0334,LOW,0.83,"{""machine_id"":""PAINT-01"",""window_minutes"":5}"
2025-06-24 17:45:00,BAT-01,WO-2025-0620,0.0409,LOW,0.82,"{""machine_id"":""BAT-01"",""window_minutes"":5}"
2025-06-24 17:50:00,CNC-01,WO-2025-0601,0.0199,LOW,0.79,"{""machine_id"":""CNC-01"",""window_minutes"":5}"
2025-06-24 17:50:00,PAINT-01,WO-2025-0602,0.0207,LOW,0.83,"{""machine_id"":""PAINT-01"",""window_minutes"":5}"
2025-06-24 17:50:00,BAT-01,WO-2025-0603,0.0414,LOW,0.8,"{""machine_id"":""BAT-01"",""window_minutes"":5}"
2025-06-24 17:55:00,CNC-01,WO-2025-0604,0.0256,LOW,0.83,"{""machine_id"":""CNC-01"",""window_minutes"":5}"
2025-06-24 17:55:00,PAINT-01,WO-2025-0605,0.0137,LOW,0.91,"{""machine_id"":""PAINT-01"",""window_minutes"":5}"
2025-06-24 17:55:00,BAT-01,WO-2025-0606,0.0278,LOW,0.89,"{""machine_id"":""BAT-01"",""window_minutes"":5}"
