event_time,machine_id,process_type,metric,value,unit
2025-06-24 06:00:00,CNC-01,cnc,vibration_rms,0.8885,mm/s
2025-06-24 06:00:00,CNC-01,cnc,temperature,41.7406,celsius
2025-06-24 06:00:00,CNC-01,cnc,sound_db,77.7774,dB
2025-06-24 06:00:00,PAINT-01,paint_booth,humidity,46.404,percent
2025-06-24 06:00:00,PAINT-01,paint_booth,pressure,101.2362,kPa
2025-06-24 06:00:00,PAINT-01,paint_booth,temperature,20.8021,celsius
2025-06-24 06:00:00,BAT-01,battery_assembly,temperature,28.1994,celsius
2025-06-24 06:00:00,BAT-01,battery_assembly,voltage,3.6947,volts
2025-06-24 06:05:00,CNC-01,cnc,vibration_rms,0.8826,mm/s
2025-06-24 06:05:00,CNC-01,cnc,temperature,42.1738,celsius
2025-06-24 06:05:00,CNC-01,cnc,sound_db,78.4646,dB
2025-06-24 06:05:00,PAINT-01,paint_booth,humidity,47.3271,percent
2025-06-24 06:05:00,PAINT-01,paint_booth,pressure,101.6283,kPa
2025-06-24 06:05:00,PAINT-01,paint_booth,temperature,22.0884,celsius
2025-06-24 06:05:00,BAT-01,battery_assembly,temperature,27.557,celsius
2025-06-24 06:05:00,BAT-01,battery_assembly,voltage,3.6797,volts
2025-06-24 06:10:00,CNC-01,cnc,vibration_rms,0.9197,mm/s
2025-06-24 06:10:00,CNC-01,cnc,temperature,43.9666,celsius
2025-06-24 06:10:00,CNC-01,cnc,sound_db,78.0833,dB
2025-06-24 06:10:00,PAINT-01,paint_booth,humidity,44.7874,percent
2025-06-24 06:10:00,PAINT-01,paint_booth,pressure,101.5659,kPa
2025-06-24 06:10:00,PAINT-01,paint_booth,temperature,20.8372,celsius
2025-06-24 06:10:00,BAT-01,battery_assembly,temperature,27.8126,celsius
2025-06-24 06:10:00,BAT-01,battery_assembly,voltage,3.7098,volts
2025-06-24 06:15:00,CNC-01,cnc,vibration_rms,0.9699,mm/s
2025-06-24 06:15:00,CNC-01,cnc,temperature,41.6391,celsius
2025-06-24 06:15:00,CNC-01,cnc,sound_db,78.7532,dB
2025-06-24 06:15:00,PAINT-01,paint_booth,humidity,45.4964,percent
2025-06-24 06:15:00,PAINT-01,paint_booth,pressure,101.6912,kPa
2025-06-24 06:15:00,PAINT-01,paint_booth,temperature,21.1094,celsius
2025-06-24 06:15:00,BAT-01,battery_assembly,temperature,28.341,celsius
2025-06-24 06:15:00,BAT-01,battery_assembly,voltage,3.6697,volts
2025-06-24 06:20:00,CNC-01,cnc,vibration_rms,0.6904,mm/s
2025-06-24 06:20:00,CNC-01,cnc,temperature,41.0897,celsius
2025-06-24 06:20:00,CNC-01,cnc,sound_db,76.1684,dB
2025-06-24 06:20:00,PAINT-01,paint_booth,humidity,46.752,percent
2025-06-24 06:20:00,PAINT-01,paint_booth,pressure,101.6321,kPa
2025-06-24 06:20:00,PAINT-01,paint_booth,temperature,21.0247,celsius
2025-06-24 06:20:00,BAT-01,battery_assembly,temperature,28.5084,celsius
2025-06-24 06:20:00,BAT-01,battery_assembly,voltage,3.68,volts
2025-06-24 06:25:00,CNC-01,cnc,vibration_rms,0.8931,mm/s
2025-06-24 06:25:00,CNC-01,cnc,temperature,41.5592,celsius
2025-06-24 06:25:00,CNC-01,cnc,sound_db,78.2288,dB
2025-06-24 06:25:00,PAINT-01,paint_booth,humidity,46.6373,percent
2025-06-24 06:25:00,PAINT-01,paint_booth,pressure,101.6192,kPa
2025-06-24 06:25:00,PAINT-01,paint_booth,temperature,22.2799,celsius
2025-06-24 06:25:00,BAT-01,battery_assembly,temperature,28.39,celsius
2025-06-24 06:25:00,BAT-01,battery_assembly,voltage,3.7096,volts
2025-06-24 06:30:00,CNC-01,cnc,vibration_rms,0.8498,mm/s
2025-06-24 06:30:00,CNC-01,cnc,temperature,40.9239,celsius
2025-06-24 06:30:00,CNC-01,cnc,sound_db,77.0601,dB
2025-06-24 06:30:00,PAINT-01,paint_booth,humidity,45.9987,percent
2025-06-24 06:30:00,PAINT-01,paint_booth,pressure,101.1749,kPa
2025-06-24 06:30:00,PAINT-01,paint_booth,temperature,23.8686,celsius
2025-06-24 06:30:00,BAT-01,battery_assembly,temperature,27.5084,celsius
2025-06-24 06:30:00,BAT-01,battery_assembly,voltage,3.678,volts
2025-06-24 06:35:00,CNC-01,cnc,vibration_rms,0.9615,mm/s
2025-06-24 06:35:00,CNC-01,cnc,temperature,44.1328,celsius
2025-06-24 06:35:00,CNC-01,cnc,sound_db,79.0114,dB
2025-06-24 06:35:00,PAINT-01,paint_booth,humidity,46.6716,percent
2025-06-24 06:35:00,PAINT-01,paint_booth,pressure,102.0132,kPa
2025-06-24 06:35:00,PAINT-01,paint_booth,temperature,21.9248,celsius
2025-06-24 06:35:00,BAT-01,battery_assembly,temperature,27.1462,celsius
2025-06-24 06:35:00,BAT-01,battery_assembly,voltage,3.6894,volts
2025-06-24 06:40:00,CNC-01,cnc,vibration_rms,0.9762,mm/s
2025-06-24 06:40:00,CNC-01,cnc,temperature,39.8345,celsius
2025-06-24 06:40:00,CNC-01,cnc,sound_db,78.0671,dB
2025-06-24 06:40:00,PAINT-01,paint_booth,humidity,45.5065,percent
2025-06-24 06:40:00,PAINT-01,paint_booth,pressure,101.1422,kPa
2025-06-24 06:40:00,PAINT-01,paint_booth,temperature,22.5789,celsius
2025-06-24 06:40:00,BAT-01,battery_assembly,temperature,28.3485,celsius
2025-06-24 06:40:00,BAT-01,battery_assembly,voltage,3.7464,volts
2025-06-24 06:45:00,CNC-01,cnc,vibration_rms,0.9496,mm/s
2025-06-24 06:45:00,CNC-01,cnc,temperature,41.0859,celsius
2025-06-24 06:45:00,CNC-01,cnc,sound_db,76.8764,dB
2025-06-24 06:45:00,PAINT-01,paint_booth,humidity,43.3368,percent
2025-06-24 06:45:00,PAINT-01,paint_booth,pressure,101.7761,kPa
2025-06-24 06:45:00,PAINT-01,paint_booth,temperature,21.5465,celsius
2025-06-24 06:45:00,BAT-01,battery_assembly,temperature,27.9578,celsius
2025-06-24 06:45:00,BAT-01,battery_assembly,voltage,3.715,volts
2025-06-24 06:50:00,CNC-01,cnc,vibration_rms,0.8421,mm/s
2025-06-24 06:50:00,CNC-01,cnc,temperature,41.5595,celsius
2025-06-24 06:50:00,CNC-01,cnc,sound_db,74.3174,dB
2025-06-24 06:50:00,PAINT-01,paint_booth,humidity,42.835,percent
2025-06-24 06:50:00,PAINT-01,paint_booth,pressure,101.0161,kPa
2025-06-24 06:50:00,PAINT-01,paint_booth,temperature,22.3326,celsius
2025-06-24 06:50:00,BAT-01,battery_assembly,temperature,28.7161,celsius
2025-06-24 06:50:00,BAT-01,battery_assembly,voltage,3.6996,volts
2025-06-24 06:55:00,CNC-01,cnc,vibration_rms,0.9209,mm/s
2025-06-24 06:55:00,CNC-01,cnc,temperature,42.252,celsius
2025-06-24 06:55:00,CNC-01,cnc,sound_db,80.1695,dB
2025-06-24 06:55:00,PAINT-01,paint_booth,humidity,46.7867,percent
2025-06-24 06:55:00,PAINT-01,paint_booth,pressure,101.4368,kPa
2025-06-24 06:55:00,PAINT-01,paint_booth,temperature,21.1912,celsius
2025-06-24 06:55:00,BAT-01,battery_assembly,temperature,28.542,celsius
2025-06-24 06:55:00,BAT-01,battery_assembly,voltage,3.7076,volts
2025-06-24 07:00:00,CNC-01,cnc,vibration_rms,0.9982,mm/s
2025-06-24 07:00:00,CNC-01,cnc,temperature,41.9551,celsius
2025-06-24 07:00:00,CNC-01,cnc,sound_db,81.9062,dB
2025-06-24 07:00:00,PAINT-01,paint_booth,humidity,44.2822,percent
2025-06-24 07:00:00,PAINT-01,paint_booth,pressure,102.0965,kPa
2025-06-24 07:00:00,PAINT-01,paint_booth,temperature,22.0921,celsius
2025-06-24 07:00:00,BAT-01,battery_assembly,temperature,27.6902,celsius
2025-06-24 07:00:00,BAT-01,battery_assembly,voltage,3.6774,volts
2025-06-24 07:05:00,CNC-01,cnc,vibration_rms,0.8879,mm/s
2025-06-24 07:05:00,CNC-01,cnc,temperature,44.135,celsius
2025-06-24 07:05:00,CNC-01,cnc,sound_db,79.6327,dB
2025-06-24 07:05:00,PAINT-01,paint_booth,humidity,46.3778,percent
2025-06-24 07:05:00,PAINT-01,paint_booth,pressure,100.1121,kPa
2025-06-24 07:05:00,PAINT-01,paint_booth,temperature,22.5688,celsius
2025-06-24 07:05:00,BAT-01,battery_assembly,temperature,28.3335,celsius
2025-06-24 07:05:00,BAT-01,battery_assembly,voltage,3.689,volts
2025-06-24 07:10:00,CNC-01,cnc,vibration_rms,0.8498,mm/s
2025-06-24 07:10:00,CNC-01,cnc,temperature,41.9965,celsius
2025-06-24 07:10:00,CNC-01,cnc,sound_db,81.4498,dB
2025-06-24 07:10:00,PAINT-01,paint_booth,humidity,42.8898,percent
2025-06-24 07:10:00,PAINT-01,paint_booth,pressure,101.0861,kPa
2025-06-24 07:10:00,PAINT-01,paint_booth,temperature,23.0894,celsius
2025-06-24 07:10:00,BAT-01,battery_assembly,temperature,27.7323,celsius
2025-06-24 07:10:00,BAT-01,battery_assembly,voltage,3.6927,volts
2025-06-24 07:15:00,CNC-01,cnc,vibration_rms,0.9078,mm/s
2025-06-24 07:15:00,CNC-01,cnc,temperature,40.1381,celsius
2025-06-24 07:15:00,CNC-01,cnc,sound_db,78.4399,dB
2025-06-24 07:15:00,PAINT-01,paint_booth,humidity,42.5808,percent
2025-06-24 07:15:00,PAINT-01,paint_booth,pressure,101.7426,kPa
2025-06-24 07:15:00,PAINT-01,paint_booth,temperature,22.0025,celsius
2025-06-24 07:15:00,BAT-01,battery_assembly,temperature,29.3701,celsius
2025-06-24 07:15:00,BAT-01,battery_assembly,voltage,3.7056,volts
2025-06-24 07:20:00,CNC-01,cnc,vibration_rms,1.0093,mm/s
2025-06-24 07:20:00,CNC-01,cnc,temperature,40.0451,celsius
2025-06-24 07:20:00,CNC-01,cnc,sound_db,77.7557,dB
2025-06-24 07:20:00,PAINT-01,paint_booth,humidity,45.6463,percent
2025-06-24 07:20:00,PAINT-01,paint_booth,pressure,102.1729,kPa
2025-06-24 07:20:00,PAINT-01,paint_booth,temperature,20.6553,celsius
2025-06-24 07:20:00,BAT-01,battery_assembly,temperature,28.5944,celsius
2025-06-24 07:20:00,BAT-01,battery_assembly,voltage,3.7118,volts
2025-06-24 07:25:00,CNC-01,cnc,vibration_rms,1.0227,mm/s
2025-06-24 07:25:00,CNC-01,cnc,temperature,43.0686,celsius
2025-06-24 07:25:00,CNC-01,cnc,sound_db,78.1041,dB
2025-06-24 07:25:00,PAINT-01,paint_booth,humidity,43.9567,percent
2025-06-24 07:25:00,PAINT-01,paint_booth,pressure,100.6759,kPa
2025-06-24 07:25:00,PAINT-01,paint_booth,temperature,22.1563,celsius
2025-06-24 07:25:00,BAT-01,battery_assembly,temperature,27.885,celsius
2025-06-24 07:25:00,BAT-01,battery_assembly,voltage,3.7404,volts
2025-06-24 07:30:00,CNC-01,cnc,vibration_rms,0.8511,mm/s
2025-06-24 07:30:00,CNC-01,cnc,temperature,42.4806,celsius
2025-06-24 07:30:00,CNC-01,cnc,sound_db,74.862,dB
2025-06-24 07:30:00,PAINT-01,paint_booth,humidity,44.2091,percent
2025-06-24 07:30:00,PAINT-01,paint_booth,pressure,101.4306,kPa
2025-06-24 07:30:00,PAINT-01,paint_booth,temperature,22.6592,celsius
2025-06-24 07:30:00,BAT-01,battery_assembly,temperature,28.8689,celsius
2025-06-24 07:30:00,BAT-01,battery_assembly,voltage,3.6991,volts
2025-06-24 07:35:00,CNC-01,cnc,vibration_rms,0.8106,mm/s
2025-06-24 07:35:00,CNC-01,cnc,temperature,42.6868,celsius
2025-06-24 07:35:00,CNC-01,cnc,sound_db,79.034,dB
2025-06-24 07:35:00,PAINT-01,paint_booth,humidity,45.9833,percent
2025-06-24 07:35:00,PAINT-01,paint_booth,pressure,100.9499,kPa
2025-06-24 07:35:00,PAINT-01,paint_booth,temperature,22.9067,celsius
2025-06-24 07:35:00,BAT-01,battery_assembly,temperature,28.0527,celsius
2025-06-24 07:35:00,BAT-01,battery_assembly,voltage,3.714,volts
2025-06-24 07:40:00,CNC-01,cnc,vibration_rms,1.0019,mm/s
2025-06-24 07:40:00,CNC-01,cnc,temperature,42.9139,celsius
2025-06-24 07:40:00,CNC-01,cnc,sound_db,78.573,dB
2025-06-24 07:40:00,PAINT-01,paint_booth,humidity,49.3056,percent
2025-06-24 07:40:00,PAINT-01,paint_booth,pressure,101.4219,kPa
2025-06-24 07:40:00,PAINT-01,paint_booth,temperature,21.7632,celsius
2025-06-24 07:40:00,BAT-01,battery_assembly,temperature,28.0672,celsius
2025-06-24 07:40:00,BAT-01,battery_assembly,voltage,3.7297,volts
2025-06-24 07:45:00,CNC-01,cnc,vibration_rms,0.9095,mm/s
2025-06-24 07:45:00,CNC-01,cnc,temperature,42.7791,celsius
2025-06-24 07:45:00,CNC-01,cnc,sound_db,80.3915,dB
2025-06-24 07:45:00,PAINT-01,paint_booth,humidity,43.9743,percent
2025-06-24 07:45:00,PAINT-01,paint_booth,pressure,100.4367,kPa
2025-06-24 07:45:00,PAINT-01,paint_booth,temperature,22.2395,celsius
2025-06-24 07:45:00,BAT-01,battery_assembly,temperature,28.1378,celsius
2025-06-24 07:45:00,BAT-01,battery_assembly,voltage,3.6878,volts
2025-06-24 07:50:00,CNC-01,cnc,vibration_rms,0.9697,mm/s
2025-06-24 07:50:00,CNC-01,cnc,temperature,42.9114,celsius
2025-06-24 07:50:00,CNC-01,cnc,sound_db,76.01,dB
2025-06-24 07:50:00,PAINT-01,paint_booth,humidity,46.0364,percent
2025-06-24 07:50:00,PAINT-01,paint_booth,pressure,101.2019,kPa
2025-06-24 07:50:00,PAINT-01,paint_booth,temperature,20.8136,celsius
2025-06-24 07:50:00,BAT-01,battery_assembly,temperature,28.2718,celsius
2025-06-24 07:50:00,BAT-01,battery_assembly,voltage,3.6991,volts
2025-06-24 07:55:00,CNC-01,cnc,vibration_rms,0.8404,mm/s
2025-06-24 07:55:00,CNC-01,cnc,temperature,42.7844,celsius
2025-06-24 07:55:00,CNC-01,cnc,sound_db,78.9762,dB
2025-06-24 07:55:00,PAINT-01,paint_booth,humidity,43.8449,percent
2025-06-24 07:55:00,PAINT-01,paint_booth,pressure,101.5002,kPa
2025-06-24 07:55:00,PAINT-01,paint_booth,temperature,22.8121,celsius
2025-06-24 07:55:00,BAT-01,battery_assembly,temperature,27.5724,celsius
2025-06-24 07:55:00,BAT-01,battery_assembly,voltage,3.7076,volts
2025-06-24 08:00:00,CNC-01,cnc,vibration_rms,0.9002,mm/s
2025-06-24 08:00:00,CNC-01,cnc,temperature,45.399,celsius
2025-06-24 08:00:00,CNC-01,cnc,sound_db,74.2754,dB
2025-06-24 08:00:00,PAINT-01,paint_booth,humidity,46.3906,percent
2025-06-24 08:00:00,PAINT-01,paint_booth,pressure,101.1469,kPa
2025-06-24 08:00:00,PAINT-01,paint_booth,temperature,21.9198,celsius
2025-06-24 08:00:00,BAT-01,battery_assembly,temperature,29.141,celsius
2025-06-24 08:00:00,BAT-01,battery_assembly,voltage,3.6998,volts
2025-06-24 08:05:00,CNC-01,cnc,vibration_rms,1.0793,mm/s
2025-06-24 08:05:00,CNC-01,cnc,temperature,41.3368,celsius
2025-06-24 08:05:00,CNC-01,cnc,sound_db,78.701,dB
2025-06-24 08:05:00,PAINT-01,paint_booth,humidity,44.0183,percent
2025-06-24 08:05:00,PAINT-01,paint_booth,pressure,100.9547,kPa
2025-06-24 08:05:00,PAINT-01,paint_booth,temperature,22.05,celsius
2025-06-24 08:05:00,BAT-01,battery_assembly,temperature,27.8305,celsius
2025-06-24 08:05:00,BAT-01,battery_assembly,voltage,3.704,volts
2025-06-24 08:10:00,CNC-01,cnc,vibration_rms,0.7316,mm/s
2025-06-24 08:10:00,CNC-01,cnc,temperature,45.0037,celsius
2025-06-24 08:10:00,CNC-01,cnc,sound_db,77.666,dB
2025-06-24 08:10:00,PAINT-01,paint_booth,humidity,48.4858,percent
2025-06-24 08:10:00,PAINT-01,paint_booth,pressure,100.7964,kPa
2025-06-24 08:10:00,PAINT-01,paint_booth,temperature,22.234,celsius
2025-06-24 08:10:00,BAT-01,battery_assembly,temperature,29.899,celsius
2025-06-24 08:10:00,BAT-01,battery_assembly,voltage,3.6826,volts
2025-06-24 08:15:00,CNC-01,cnc,vibration_rms,0.7804,mm/s
2025-06-24 08:15:00,CNC-01,cnc,temperature,41.1802,celsius
2025-06-24 08:15:00,CNC-01,cnc,sound_db,78.945,dB
2025-06-24 08:15:00,PAINT-01,paint_booth,humidity,46.3867,percent
2025-06-24 08:15:00,PAINT-01,paint_booth,pressure,101.9452,kPa
2025-06-24 08:15:00,PAINT-01,paint_booth,temperature,21.7944,celsius
2025-06-24 08:15:00,BAT-01,battery_assembly,temperature,27.0386,celsius
2025-06-24 08:15:00,BAT-01,battery_assembly,voltage,3.6913,volts
2025-06-24 08:20:00,CNC-01,cnc,vibration_rms,0.9992,mm/s
2025-06-24 08:20:00,CNC-01,cnc,temperature,42.6985,celsius
2025-06-24 08:20:00,CNC-01,cnc,sound_db,74.0861,dB
2025-06-24 08:20:00,PAINT-01,paint_booth,humidity,44.9299,percent
2025-06-24 08:20:00,PAINT-01,paint_booth,pressure,101.9991,kPa
2025-06-24 08:20:00,PAINT-01,paint_booth,temperature,23.7012,celsius
2025-06-24 08:20:00,BAT-01,battery_assembly,temperature,28.337,celsius
2025-06-24 08:20:00,BAT-01,battery_assembly,voltage,3.7062,volts
2025-06-24 08:25:00,CNC-01,cnc,vibration_rms,0.8008,mm/s
2025-06-24 08:25:00,CNC-01,cnc,temperature,40.7351,celsius
2025-06-24 08:25:00,CNC-01,cnc,sound_db,78.0938,dB
2025-06-24 08:25:00,PAINT-01,paint_booth,humidity,46.0064,percent
2025-06-24 08:25:00,PAINT-01,paint_booth,pressure,101.5901,kPa
2025-06-24 08:25:00,PAINT-01,paint_booth,temperature,21.6174,celsius
2025-06-24 08:25:00,BAT-01,battery_assembly,temperature,27.3088,celsius
2025-06-24 08:25:00,BAT-01,battery_assembly,voltage,3.6844,volts
2025-06-24 08:30:00,CNC-01,cnc,vibration_rms,0.8074,mm/s
2025-06-24 08:30:00,CNC-01,cnc,temperature,42.9651,celsius
2025-06-24 08:30:00,CNC-01,cnc,sound_db,73.3754,dB
2025-06-24 08:30:00,PAINT-01,paint_booth,humidity,44.3334,percent
2025-06-24 08:30:00,PAINT-01,paint_booth,pressure,101.5249,kPa
2025-06-24 08:30:00,PAINT-01,paint_booth,temperature,23.2176,celsius
2025-06-24 08:30:00,BAT-01,battery_assembly,temperature,28.0428,celsius
2025-06-24 08:30:00,BAT-01,battery_assembly,voltage,3.72,volts
2025-06-24 08:35:00,CNC-01,cnc,vibration_rms,0.8681,mm/s
2025-06-24 08:35:00,CNC-01,cnc,temperature,40.8834,celsius
2025-06-24 08:35:00,CNC-01,cnc,sound_db,76.6512,dB
2025-06-24 08:35:00,PAINT-01,paint_booth,humidity,48.0547,percent
2025-06-24 08:35:00,PAINT-01,paint_booth,pressure,101.7971,kPa
2025-06-24 08:35:00,PAINT-01,paint_booth,temperature,22.3899,celsius
2025-06-24 08:35:00,BAT-01,battery_assembly,temperature,29.9982,celsius
2025-06-24 08:35:00,BAT-01,battery_assembly,voltage,3.6994,volts
2025-06-24 08:40:00,CNC-01,cnc,vibration_rms,0.9496,mm/s
2025-06-24 08:40:00,CNC-01,cnc,temperature,42.4614,celsius
2025-06-24 08:40:00,CNC-01,cnc,sound_db,77.5562,dB
2025-06-24 08:40:00,PAINT-01,paint_booth,humidity,49.6323,percent
2025-06-24 08:40:00,PAINT-01,paint_booth,pressure,102.0533,kPa
2025-06-24 08:40:00,PAINT-01,paint_booth,temperature,20.8804,celsius
2025-06-24 08:40:00,BAT-01,battery_assembly,temperature,27.7601,celsius
2025-06-24 08:40:00,BAT-01,battery_assembly,voltage,3.7086,volts
2025-06-24 08:45:00,CNC-01,cnc,vibration_rms,0.9627,mm/s
2025-06-24 08:45:00,CNC-01,cnc,temperature,39.9773,celsius
2025-06-24 08:45:00,CNC-01,cnc,sound_db,73.4889,dB
2025-06-24 08:45:00,PAINT-01,paint_booth,humidity,41.1873,percent
2025-06-24 08:45:00,PAINT-01,paint_booth,pressure,101.2644,kPa
2025-06-24 08:45:00,PAINT-01,paint_booth,temperature,21.9174,celsius
2025-06-24 08:45:00,BAT-01,battery_assembly,temperature,28.2071,celsius
2025-06-24 08:45:00,BAT-01,battery_assembly,voltage,3.6846,volts
2025-06-24 08:50:00,CNC-01,cnc,vibration_rms,0.8021,mm/s
2025-06-24 08:50:00,CNC-01,cnc,temperature,38.9654,celsius
2025-06-24 08:50:00,CNC-01,cnc,sound_db,78.6584,dB
2025-06-24 08:50:00,PAINT-01,paint_booth,humidity,45.7401,percent
2025-06-24 08:50:00,PAINT-01,paint_booth,pressure,101.7965,kPa
2025-06-24 08:50:00,PAINT-01,paint_booth,temperature,22.6326,celsius
2025-06-24 08:50:00,BAT-01,battery_assembly,temperature,27.8856,celsius
2025-06-24 08:50:00,BAT-01,battery_assembly,voltage,3.727,volts
2025-06-24 08:55:00,CNC-01,cnc,vibration_rms,0.8891,mm/s
2025-06-24 08:55:00,CNC-01,cnc,temperature,41.0087,celsius
2025-06-24 08:55:00,CNC-01,cnc,sound_db,76.9588,dB
2025-06-24 08:55:00,PAINT-01,paint_booth,humidity,43.8304,percent
2025-06-24 08:55:00,PAINT-01,paint_booth,pressure,100.2171,kPa
2025-06-24 08:55:00,PAINT-01,paint_booth,temperature,22.1251,celsius
2025-06-24 08:55:00,BAT-01,battery_assembly,temperature,28.1499,celsius
2025-06-24 08:55:00,BAT-01,battery_assembly,voltage,3.6928,volts
2025-06-24 09:00:00,CNC-01,cnc,vibration_rms,0.8429,mm/s
2025-06-24 09:00:00,CNC-01,cnc,temperature,42.5577,celsius
2025-06-24 09:00:00,CNC-01,cnc,sound_db,81.4337,dB
2025-06-24 09:00:00,PAINT-01,paint_booth,humidity,45.0765,percent
2025-06-24 09:00:00,PAINT-01,paint_booth,pressure,101.0462,kPa
2025-06-24 09:00:00,PAINT-01,paint_booth,temperature,21.5268,celsius
2025-06-24 09:00:00,BAT-01,battery_assembly,temperature,27.9581,celsius
2025-06-24 09:00:00,BAT-01,battery_assembly,voltage,3.6747,volts
2025-06-24 09:05:00,CNC-01,cnc,vibration_rms,0.89,mm/s
2025-06-24 09:05:00,CNC-01,cnc,temperature,42.0918,celsius
2025-06-24 09:05:00,CNC-01,cnc,sound_db,81.6894,dB
2025-06-24 09:05:00,PAINT-01,paint_booth,humidity,46.8869,percent
2025-06-24 09:05:00,PAINT-01,paint_booth,pressure,101.817,kPa
2025-06-24 09:05:00,PAINT-01,paint_booth,temperature,21.4296,celsius
2025-06-24 09:05:00,BAT-01,battery_assembly,temperature,28.402,celsius
2025-06-24 09:05:00,BAT-01,battery_assembly,voltage,3.6772,volts
2025-06-24 09:10:00,CNC-01,cnc,vibration_rms,0.925,mm/s
2025-06-24 09:10:00,CNC-01,cnc,temperature,42.6281,celsius
2025-06-24 09:10:00,CNC-01,cnc,sound_db,76.4672,dB
2025-06-24 09:10:00,PAINT-01,paint_booth,humidity,48.9988,percent
2025-06-24 09:10:00,PAINT-01,paint_booth,pressure,101.5837,kPa
2025-06-24 09:10:00,PAINT-01,paint_booth,temperature,20.4778,celsius
2025-06-24 09:10:00,BAT-01,battery_assembly,temperature,28.3317,celsius
2025-06-24 09:10:00,BAT-01,battery_assembly,voltage,3.6919,volts
2025-06-24 09:15:00,CNC-01,cnc,vibration_rms,0.9001,mm/s
2025-06-24 09:15:00,CNC-01,cnc,temperature,42.6986,celsius
2025-06-24 09:15:00,CNC-01,cnc,sound_db,78.7811,dB
2025-06-24 09:15:00,PAINT-01,paint_booth,humidity,40.9217,percent
2025-06-24 09:15:00,PAINT-01,paint_booth,pressure,100.7208,kPa
2025-06-24 09:15:00,PAINT-01,paint_booth,temperature,22.6181,celsius
2025-06-24 09:15:00,BAT-01,battery_assembly,temperature,28.7807,celsius
2025-06-24 09:15:00,BAT-01,battery_assembly,voltage,3.7381,volts
2025-06-24 09:20:00,CNC-01,cnc,vibration_rms,1.0443,mm/s
2025-06-24 09:20:00,CNC-01,cnc,temperature,38.9167,celsius
2025-06-24 09:20:00,CNC-01,cnc,sound_db,79.539,dB
2025-06-24 09:20:00,PAINT-01,paint_booth,humidity,41.1674,percent
2025-06-24 09:20:00,PAINT-01,paint_booth,pressure,102.1068,kPa
2025-06-24 09:20:00,PAINT-01,paint_booth,temperature,22.2027,celsius
2025-06-24 09:20:00,BAT-01,battery_assembly,temperature,27.3153,celsius
2025-06-24 09:20:00,BAT-01,battery_assembly,voltage,3.7402,volts
2025-06-24 09:25:00,CNC-01,cnc,vibration_rms,0.9515,mm/s
2025-06-24 09:25:00,CNC-01,cnc,temperature,39.1633,celsius
2025-06-24 09:25:00,CNC-01,cnc,sound_db,78.5869,dB
2025-06-24 09:25:00,PAINT-01,paint_booth,humidity,43.5377,percent
2025-06-24 09:25:00,PAINT-01,paint_booth,pressure,101.3556,kPa
2025-06-24 09:25:00,PAINT-01,paint_booth,temperature,21.6278,celsius
2025-06-24 09:25:00,BAT-01,battery_assembly,temperature,30.5741,celsius
2025-06-24 09:25:00,BAT-01,battery_assembly,voltage,3.6715,volts
2025-06-24 09:30:00,CNC-01,cnc,vibration_rms,0.9254,mm/s
2025-06-24 09:30:00,CNC-01,cnc,temperature,44.7213,celsius
2025-06-24 09:30:00,CNC-01,cnc,sound_db,76.3461,dB
2025-06-24 09:30:00,PAINT-01,paint_booth,humidity,45.4213,percent
2025-06-24 09:30:00,PAINT-01,paint_booth,pressure,101.401,kPa
2025-06-24 09:30:00,PAINT-01,paint_booth,temperature,21.4482,celsius
2025-06-24 09:30:00,BAT-01,battery_assembly,temperature,31.8887,celsius
2025-06-24 09:30:00,BAT-01,battery_assembly,voltage,3.7019,volts
2025-06-24 09:35:00,CNC-01,cnc,vibration_rms,0.8245,mm/s
2025-06-24 09:35:00,CNC-01,cnc,temperature,44.643,celsius
2025-06-24 09:35:00,CNC-01,cnc,sound_db,79.5832,dB
2025-06-24 09:35:00,PAINT-01,paint_booth,humidity,44.6658,percent
2025-06-24 09:35:00,PAINT-01,paint_booth,pressure,100.9817,kPa
2025-06-24 09:35:00,PAINT-01,paint_booth,temperature,21.3725,celsius
2025-06-24 09:35:00,BAT-01,battery_assembly,temperature,30.4886,celsius
2025-06-24 09:35:00,BAT-01,battery_assembly,voltage,3.6971,volts
2025-06-24 09:40:00,CNC-01,cnc,vibration_rms,0.9368,mm/s
2025-06-24 09:40:00,CNC-01,cnc,temperature,41.7233,celsius
2025-06-24 09:40:00,CNC-01,cnc,sound_db,79.2328,dB
2025-06-24 09:40:00,PAINT-01,paint_booth,humidity,44.768,percent
2025-06-24 09:40:00,PAINT-01,paint_booth,pressure,101.6819,kPa
2025-06-24 09:40:00,PAINT-01,paint_booth,temperature,21.8534,celsius
2025-06-24 09:40:00,BAT-01,battery_assembly,temperature,28.4978,celsius
2025-06-24 09:40:00,BAT-01,battery_assembly,voltage,3.7134,volts
2025-06-24 09:45:00,CNC-01,cnc,vibration_rms,0.8907,mm/s
2025-06-24 09:45:00,CNC-01,cnc,temperature,40.7103,celsius
2025-06-24 09:45:00,CNC-01,cnc,sound_db,76.1198,dB
2025-06-24 09:45:00,PAINT-01,paint_booth,humidity,43.5185,percent
2025-06-24 09:45:00,PAINT-01,paint_booth,pressure,100.8078,kPa
2025-06-24 09:45:00,PAINT-01,paint_booth,temperature,22.6926,celsius
2025-06-24 09:45:00,BAT-01,battery_assembly,temperature,26.222,celsius
2025-06-24 09:45:00,BAT-01,battery_assembly,voltage,3.7314,volts
2025-06-24 09:50:00,CNC-01,cnc,vibration_rms,1.0823,mm/s
2025-06-24 09:50:00,CNC-01,cnc,temperature,42.0363,celsius
2025-06-24 09:50:00,CNC-01,cnc,sound_db,74.904,dB
2025-06-24 09:50:00,PAINT-01,paint_booth,humidity,44.2371,percent
2025-06-24 09:50:00,PAINT-01,paint_booth,pressure,101.2623,kPa
2025-06-24 09:50:00,PAINT-01,paint_booth,temperature,20.8092,celsius
2025-06-24 09:50:00,BAT-01,battery_assembly,temperature,27.8497,celsius
2025-06-24 09:50:00,BAT-01,battery_assembly,voltage,3.7057,volts
2025-06-24 09:55:00,CNC-01,cnc,vibration_rms,0.8632,mm/s
2025-06-24 09:55:00,CNC-01,cnc,temperature,40.8474,celsius
2025-06-24 09:55:00,CNC-01,cnc,sound_db,76.4825,dB
2025-06-24 09:55:00,PAINT-01,paint_booth,humidity,48.5734,percent
2025-06-24 09:55:00,PAINT-01,paint_booth,pressure,101.2202,kPa
2025-06-24 09:55:00,PAINT-01,paint_booth,temperature,21.3361,celsius
2025-06-24 09:55:00,BAT-01,battery_assembly,temperature,27.7763,celsius
2025-06-24 09:55:00,BAT-01,battery_assembly,voltage,3.7191,volts
2025-06-24 10:00:00,CNC-01,cnc,vibration_rms,0.8452,mm/s
2025-06-24 10:00:00,CNC-01,cnc,temperature,42.7228,celsius
2025-06-24 10:00:00,CNC-01,cnc,sound_db,79.4558,dB
2025-06-24 10:00:00,PAINT-01,paint_booth,humidity,46.4982,percent
2025-06-24 10:00:00,PAINT-01,paint_booth,pressure,101.9998,kPa
2025-06-24 10:00:00,PAINT-01,paint_booth,temperature,21.5596,celsius
2025-06-24 10:00:00,BAT-01,battery_assembly,temperature,28.6796,celsius
2025-06-24 10:00:00,BAT-01,battery_assembly,voltage,3.6841,volts
2025-06-24 10:05:00,CNC-01,cnc,vibration_rms,0.8683,mm/s
2025-06-24 10:05:00,CNC-01,cnc,temperature,43.7941,celsius
2025-06-24 10:05:00,CNC-01,cnc,sound_db,79.6448,dB
2025-06-24 10:05:00,PAINT-01,paint_booth,humidity,45.0042,percent
2025-06-24 10:05:00,PAINT-01,paint_booth,pressure,100.7043,kPa
2025-06-24 10:05:00,PAINT-01,paint_booth,temperature,22.4493,celsius
2025-06-24 10:05:00,BAT-01,battery_assembly,temperature,27.6218,celsius
2025-06-24 10:05:00,BAT-01,battery_assembly,voltage,3.6815,volts
2025-06-24 10:10:00,CNC-01,cnc,vibration_rms,0.8481,mm/s
2025-06-24 10:10:00,CNC-01,cnc,temperature,42.3697,celsius
2025-06-24 10:10:00,CNC-01,cnc,sound_db,73.7579,dB
2025-06-24 10:10:00,PAINT-01,paint_booth,humidity,45.7215,percent
2025-06-24 10:10:00,PAINT-01,paint_booth,pressure,101.387,kPa
2025-06-24 10:10:00,PAINT-01,paint_booth,temperature,21.5324,celsius
2025-06-24 10:10:00,BAT-01,battery_assembly,temperature,28.6222,celsius
2025-06-24 10:10:00,BAT-01,battery_assembly,voltage,3.7122,volts
2025-06-24 10:15:00,CNC-01,cnc,vibration_rms,1.6015,mm/s
2025-06-24 10:15:00,CNC-01,cnc,temperature,42.995,celsius
2025-06-24 10:15:00,CNC-01,cnc,sound_db,79.3903,dB
2025-06-24 10:15:00,PAINT-01,paint_booth,humidity,41.9679,percent
2025-06-24 10:15:00,PAINT-01,paint_booth,pressure,101.1337,kPa
2025-06-24 10:15:00,PAINT-01,paint_booth,temperature,21.4952,celsius
2025-06-24 10:15:00,BAT-01,battery_assembly,temperature,28.0419,celsius
2025-06-24 10:15:00,BAT-01,battery_assembly,voltage,3.7042,volts
2025-06-24 10:20:00,CNC-01,cnc,vibration_rms,2.4029,mm/s
2025-06-24 10:20:00,CNC-01,cnc,temperature,47.7023,celsius
2025-06-24 10:20:00,CNC-01,cnc,sound_db,78.4561,dB
2025-06-24 10:20:00,PAINT-01,paint_booth,humidity,44.37,percent
2025-06-24 10:20:00,PAINT-01,paint_booth,pressure,100.6946,kPa
2025-06-24 10:20:00,PAINT-01,paint_booth,temperature,22.5775,celsius
2025-06-24 10:20:00,BAT-01,battery_assembly,temperature,28.3169,celsius
2025-06-24 10:20:00,BAT-01,battery_assembly,voltage,3.729,volts
2025-06-24 10:25:00,CNC-01,cnc,vibration_rms,3.0902,mm/s
2025-06-24 10:25:00,CNC-01,cnc,temperature,48.0396,celsius
2025-06-24 10:25:00,CNC-01,cnc,sound_db,77.8826,dB
2025-06-24 10:25:00,PAINT-01,paint_booth,humidity,44.8248,percent
2025-06-24 10:25:00,PAINT-01,paint_booth,pressure,101.3052,kPa
2025-06-24 10:25:00,PAINT-01,paint_booth,temperature,20.6284,celsius
2025-06-24 10:25:00,BAT-01,battery_assembly,temperature,28.495,celsius
2025-06-24 10:25:00,BAT-01,battery_assembly,voltage,3.7131,volts
2025-06-24 10:30:00,CNC-01,cnc,vibration_rms,0.9904,mm/s
2025-06-24 10:30:00,CNC-01,cnc,temperature,45.3744,celsius
2025-06-24 10:30:00,CNC-01,cnc,sound_db,77.3621,dB
2025-06-24 10:30:00,PAINT-01,paint_booth,humidity,44.9277,percent
2025-06-24 10:30:00,PAINT-01,paint_booth,pressure,101.3049,kPa
2025-06-24 10:30:00,PAINT-01,paint_booth,temperature,23.5537,celsius
2025-06-24 10:30:00,BAT-01,battery_assembly,temperature,26.9613,celsius
2025-06-24 10:30:00,BAT-01,battery_assembly,voltage,3.7097,volts
2025-06-24 10:35:00,CNC-01,cnc,vibration_rms,0.7823,mm/s
2025-06-24 10:35:00,CNC-01,cnc,temperature,38.1276,celsius
2025-06-24 10:35:00,CNC-01,cnc,sound_db,73.9583,dB
2025-06-24 10:35:00,PAINT-01,paint_booth,humidity,42.2365,percent
2025-06-24 10:35:00,PAINT-01,paint_booth,pressure,101.8345,kPa
2025-06-24 10:35:00,PAINT-01,paint_booth,temperature,21.3053,celsius
2025-06-24 10:35:00,BAT-01,battery_assembly,temperature,27.8635,celsius
2025-06-24 10:35:00,BAT-01,battery_assembly,voltage,3.6767,volts
2025-06-24 10:40:00,CNC-01,cnc,vibration_rms,0.9489,mm/s
2025-06-24 10:40:00,CNC-01,cnc,temperature,40.3471,celsius
2025-06-24 10:40:00,CNC-01,cnc,sound_db,80.6353,dB
2025-06-24 10:40:00,PAINT-01,paint_booth,humidity,43.0138,percent
2025-06-24 10:40:00,PAINT-01,paint_booth,pressure,100.9176,kPa
2025-06-24 10:40:00,PAINT-01,paint_booth,temperature,22.0982,celsius
2025-06-24 10:40:00,BAT-01,battery_assembly,temperature,28.0148,celsius
2025-06-24 10:40:00,BAT-01,battery_assembly,voltage,3.7285,volts
2025-06-24 10:45:00,CNC-01,cnc,vibration_rms,0.9096,mm/s
2025-06-24 10:45:00,CNC-01,cnc,temperature,40.1882,celsius
2025-06-24 10:45:00,CNC-01,cnc,sound_db,76.8793,dB
2025-06-24 10:45:00,PAINT-01,paint_booth,humidity,43.8544,percent
2025-06-24 10:45:00,PAINT-01,paint_booth,pressure,101.6625,kPa
2025-06-24 10:45:00,PAINT-01,paint_booth,temperature,22.307,celsius
2025-06-24 10:45:00,BAT-01,battery_assembly,temperature,27.9284,celsius
2025-06-24 10:45:00,BAT-01,battery_assembly,voltage,3.7174,volts
2025-06-24 10:50:00,CNC-01,cnc,vibration_rms,0.8577,mm/s
2025-06-24 10:50:00,CNC-01,cnc,temperature,41.7956,celsius
2025-06-24 10:50:00,CNC-01,cnc,sound_db,78.3615,dB
2025-06-24 10:50:00,PAINT-01,paint_booth,humidity,48.0564,percent
2025-06-24 10:50:00,PAINT-01,paint_booth,pressure,101.2507,kPa
2025-06-24 10:50:00,PAINT-01,paint_booth,temperature,21.7194,celsius
2025-06-24 10:50:00,BAT-01,battery_assembly,temperature,27.3725,celsius
2025-06-24 10:50:00,BAT-01,battery_assembly,voltage,3.7137,volts
2025-06-24 10:55:00,CNC-01,cnc,vibration_rms,0.853,mm/s
2025-06-24 10:55:00,CNC-01,cnc,temperature,42.5155,celsius
2025-06-24 10:55:00,CNC-01,cnc,sound_db,74.1968,dB
2025-06-24 10:55:00,PAINT-01,paint_booth,humidity,47.0864,percent
2025-06-24 10:55:00,PAINT-01,paint_booth,pressure,100.634,kPa
2025-06-24 10:55:00,PAINT-01,paint_booth,temperature,21.3781,celsius
2025-06-24 10:55:00,BAT-01,battery_assembly,temperature,28.6351,celsius
2025-06-24 10:55:00,BAT-01,battery_assembly,voltage,3.6733,volts
2025-06-24 11:00:00,CNC-01,cnc,vibration_rms,0.8936,mm/s
2025-06-24 11:00:00,CNC-01,cnc,temperature,42.1114,celsius
2025-06-24 11:00:00,CNC-01,cnc,sound_db,76.0029,dB
2025-06-24 11:00:00,PAINT-01,paint_booth,humidity,47.6859,percent
2025-06-24 11:00:00,PAINT-01,paint_booth,pressure,102.0494,kPa
2025-06-24 11:00:00,PAINT-01,paint_booth,temperature,20.4227,celsius
2025-06-24 11:00:00,BAT-01,battery_assembly,temperature,27.1306,celsius
2025-06-24 11:00:00,BAT-01,battery_assembly,voltage,3.7162,volts
2025-06-24 11:05:00,CNC-01,cnc,vibration_rms,0.7958,mm/s
2025-06-24 11:05:00,CNC-01,cnc,temperature,41.417,celsius
2025-06-24 11:05:00,CNC-01,cnc,sound_db,78.2591,dB
2025-06-24 11:05:00,PAINT-01,paint_booth,humidity,46.3837,percent
2025-06-24 11:05:00,PAINT-01,paint_booth,pressure,101.1884,kPa
2025-06-24 11:05:00,PAINT-01,paint_booth,temperature,22.0762,celsius
2025-06-24 11:05:00,BAT-01,battery_assembly,temperature,27.534,celsius
2025-06-24 11:05:00,BAT-01,battery_assembly,voltage,3.7258,volts
2025-06-24 11:10:00,CNC-01,cnc,vibration_rms,0.8604,mm/s
2025-06-24 11:10:00,CNC-01,cnc,temperature,42.5096,celsius
2025-06-24 11:10:00,CNC-01,cnc,sound_db,76.9767,dB
2025-06-24 11:10:00,PAINT-01,paint_booth,humidity,45.2126,percent
2025-06-24 11:10:00,PAINT-01,paint_booth,pressure,101.2159,kPa
2025-06-24 11:10:00,PAINT-01,paint_booth,temperature,21.87,celsius
2025-06-24 11:10:00,BAT-01,battery_assembly,temperature,27.3917,celsius
2025-06-24 11:10:00,BAT-01,battery_assembly,voltage,3.7159,volts
2025-06-24 11:15:00,CNC-01,cnc,vibration_rms,1.0131,mm/s
2025-06-24 11:15:00,CNC-01,cnc,temperature,42.3647,celsius
2025-06-24 11:15:00,CNC-01,cnc,sound_db,79.4647,dB
2025-06-24 11:15:00,PAINT-01,paint_booth,humidity,46.6761,percent
2025-06-24 11:15:00,PAINT-01,paint_booth,pressure,101.764,kPa
2025-06-24 11:15:00,PAINT-01,paint_booth,temperature,22.2427,celsius
2025-06-24 11:15:00,BAT-01,battery_assembly,temperature,28.1274,celsius
2025-06-24 11:15:00,BAT-01,battery_assembly,voltage,3.7173,volts
2025-06-24 11:20:00,CNC-01,cnc,vibration_rms,0.9055,mm/s
2025-06-24 11:20:00,CNC-01,cnc,temperature,40.5391,celsius
2025-06-24 11:20:00,CNC-01,cnc,sound_db,78.0477,dB
2025-06-24 11:20:00,PAINT-01,paint_booth,humidity,41.2232,percent
2025-06-24 11:20:00,PAINT-01,paint_booth,pressure,101.297,kPa
2025-06-24 11:20:00,PAINT-01,paint_booth,temperature,22.3307,celsius
2025-06-24 11:20:00,BAT-01,battery_assembly,temperature,28.7416,celsius
2025-06-24 11:20:00,BAT-01,battery_assembly,voltage,3.703,volts
2025-06-24 11:25:00,CNC-01,cnc,vibration_rms,0.9743,mm/s
2025-06-24 11:25:00,CNC-01,cnc,temperature,41.9992,celsius
2025-06-24 11:25:00,CNC-01,cnc,sound_db,75.953,dB
2025-06-24 11:25:00,PAINT-01,paint_booth,humidity,42.1772,percent
2025-06-24 11:25:00,PAINT-01,paint_booth,pressure,100.8151,kPa
2025-06-24 11:25:00,PAINT-01,paint_booth,temperature,20.9071,celsius
2025-06-24 11:25:00,BAT-01,battery_assembly,temperature,28.3802,celsius
2025-06-24 11:25:00,BAT-01,battery_assembly,voltage,3.6958,volts
2025-06-24 11:30:00,CNC-01,cnc,vibration_rms,0.9456,mm/s
2025-06-24 11:30:00,CNC-01,cnc,temperature,42.1101,celsius
2025-06-24 11:30:00,CNC-01,cnc,sound_db,80.0881,dB
2025-06-24 11:30:00,PAINT-01,paint_booth,humidity,47.1204,percent
2025-06-24 11:30:00,PAINT-01,paint_booth,pressure,100.9773,kPa
2025-06-24 11:30:00,PAINT-01,paint_booth,temperature,21.7805,celsius
2025-06-24 11:30:00,BAT-01,battery_assembly,temperature,27.6803,celsius
2025-06-24 11:30:00,BAT-01,battery_assembly,voltage,3.6676,volts
2025-06-24 11:35:00,CNC-01,cnc,vibration_rms,0.954,mm/s
2025-06-24 11:35:00,CNC-01,cnc,temperature,43.7832,celsius
2025-06-24 11:35:00,CNC-01,cnc,sound_db,77.9871,dB
2025-06-24 11:35:00,PAINT-01,paint_booth,humidity,44.0136,percent
2025-06-24 11:35:00,PAINT-01,paint_booth,pressure,101.8455,kPa
2025-06-24 11:35:00,PAINT-01,paint_booth,temperature,20.124,celsius
2025-06-24 11:35:00,BAT-01,battery_assembly,temperature,28.1065,celsius
2025-06-24 11:35:00,BAT-01,battery_assembly,voltage,3.7029,volts
2025-06-24 11:40:00,CNC-01,cnc,vibration_rms,0.8543,mm/s
2025-06-24 11:40:00,CNC-01,cnc,temperature,44.0874,celsius
2025-06-24 11:40:00,CNC-01,cnc,sound_db,79.9415,dB
2025-06-24 11:40:00,PAINT-01,paint_booth,humidity,44.4777,percent
2025-06-24 11:40:00,PAINT-01,paint_booth,pressure,101.2567,kPa
2025-06-24 11:40:00,PAINT-01,paint_booth,temperature,21.6896,celsius
2025-06-24 11:40:00,BAT-01,battery_assembly,temperature,27.6927,celsius
2025-06-24 11:40:00,BAT-01,battery_assembly,voltage,3.6738,volts
2025-06-24 11:45:00,CNC-01,cnc,vibration_rms,1.0104,mm/s
2025-06-24 11:45:00,CNC-01,cnc,temperature,43.542,celsius
2025-06-24 11:45:00,CNC-01,cnc,sound_db,79.5963,dB
2025-06-24 11:45:00,PAINT-01,paint_booth,humidity,42.8113,percent
2025-06-24 11:45:00,PAINT-01,paint_booth,pressure,102.3404,kPa
2025-06-24 11:45:00,PAINT-01,paint_booth,temperature,23.5841,celsius
2025-06-24 11:45:00,BAT-01,battery_assembly,temperature,28.1128,celsius
2025-06-24 11:45:00,BAT-01,battery_assembly,voltage,3.6819,volts
2025-06-24 11:50:00,CNC-01,cnc,vibration_rms,0.8307,mm/s
2025-06-24 11:50:00,CNC-01,cnc,temperature,42.6278,celsius
2025-06-24 11:50:00,CNC-01,cnc,sound_db,76.174,dB
2025-06-24 11:50:00,PAINT-01,paint_booth,humidity,44.9316,percent
2025-06-24 11:50:00,PAINT-01,paint_booth,pressure,101.8443,kPa
2025-06-24 11:50:00,PAINT-01,paint_booth,temperature,20.7945,celsius
2025-06-24 11:50:00,BAT-01,battery_assembly,temperature,29.2034,celsius
2025-06-24 11:50:00,BAT-01,battery_assembly,voltage,3.7313,volts
2025-06-24 11:55:00,CNC-01,cnc,vibration_rms,0.801,mm/s
2025-06-24 11:55:00,CNC-01,cnc,temperature,39.8795,celsius
2025-06-24 11:55:00,CNC-01,cnc,sound_db,77.4332,dB
2025-06-24 11:55:00,PAINT-01,paint_booth,humidity,42.9377,percent
2025-06-24 11:55:00,PAINT-01,paint_booth,pressure,101.1681,kPa
2025-06-24 11:55:00,PAINT-01,paint_booth,temperature,19.9351,celsius
2025-06-24 11:55:00,BAT-01,battery_assembly,temperature,27.8628,celsius
2025-06-24 11:55:00,BAT-01,battery_assembly,voltage,3.7361,volts
2025-06-24 12:00:00,CNC-01,cnc,vibration_rms,0.8107,mm/s
2025-06-24 12:00:00,CNC-01,cnc,temperature,41.5904,celsius
2025-06-24 12:00:00,CNC-01,cnc,sound_db,75.0208,dB
2025-06-24 12:00:00,PAINT-01,paint_booth,humidity,46.2765,percent
2025-06-24 12:00:00,PAINT-01,paint_booth,pressure,101.1873,kPa
2025-06-24 12:00:00,PAINT-01,paint_booth,temperature,23.5526,celsius
2025-06-24 12:00:00,BAT-01,battery_assembly,temperature,28.1241,celsius
2025-06-24 12:00:00,BAT-01,battery_assembly,voltage,3.6926,volts
2025-06-24 12:05:00,CNC-01,cnc,vibration_rms,0.944,mm/s
2025-06-24 12:05:00,CNC-01,cnc,temperature,41.2407,celsius
2025-06-24 12:05:00,CNC-01,cnc,sound_db,75.3214,dB
2025-06-24 12:05:00,PAINT-01,paint_booth,humidity,45.6039,percent
2025-06-24 12:05:00,PAINT-01,paint_booth,pressure,101.2126,kPa
2025-06-24 12:05:00,PAINT-01,paint_booth,temperature,22.1331,celsius
2025-06-24 12:05:00,BAT-01,battery_assembly,temperature,28.2253,celsius
2025-06-24 12:05:00,BAT-01,battery_assembly,voltage,3.6898,volts
2025-06-24 12:10:00,CNC-01,cnc,vibration_rms,0.9337,mm/s
2025-06-24 12:10:00,CNC-01,cnc,temperature,44.6065,celsius
2025-06-24 12:10:00,CNC-01,cnc,sound_db,75.7844,dB
2025-06-24 12:10:00,PAINT-01,paint_booth,humidity,48.4749,percent
2025-06-24 12:10:00,PAINT-01,paint_booth,pressure,101.1786,kPa
2025-06-24 12:10:00,PAINT-01,paint_booth,temperature,21.3867,celsius
2025-06-24 12:10:00,BAT-01,battery_assembly,temperature,29.4563,celsius
2025-06-24 12:10:00,BAT-01,battery_assembly,voltage,3.7031,volts
2025-06-24 12:15:00,CNC-01,cnc,vibration_rms,1.0096,mm/s
2025-06-24 12:15:00,CNC-01,cnc,temperature,43.2264,celsius
2025-06-24 12:15:00,CNC-01,cnc,sound_db,74.6388,dB
2025-06-24 12:15:00,PAINT-01,paint_booth,humidity,45.2416,percent
2025-06-24 12:15:00,PAINT-01,paint_booth,pressure,101.0373,kPa
2025-06-24 12:15:00,PAINT-01,paint_booth,temperature,20.9266,celsius
2025-06-24 12:15:00,BAT-01,battery_assembly,temperature,26.937,celsius
2025-06-24 12:15:00,BAT-01,battery_assembly,voltage,3.702,volts
2025-06-24 12:20:00,CNC-01,cnc,vibration_rms,0.9472,mm/s
2025-06-24 12:20:00,CNC-01,cnc,temperature,42.586,celsius
2025-06-24 12:20:00,CNC-01,cnc,sound_db,77.3883,dB
2025-06-24 12:20:00,PAINT-01,paint_booth,humidity,43.403,percent
2025-06-24 12:20:00,PAINT-01,paint_booth,pressure,100.8066,kPa
2025-06-24 12:20:00,PAINT-01,paint_booth,temperature,21.5559,celsius
2025-06-24 12:20:00,BAT-01,battery_assembly,temperature,27.3802,celsius
2025-06-24 12:20:00,BAT-01,battery_assembly,voltage,3.6959,volts
2025-06-24 12:25:00,CNC-01,cnc,vibration_rms,0.8982,mm/s
2025-06-24 12:25:00,CNC-01,cnc,temperature,40.656,celsius
2025-06-24 12:25:00,CNC-01,cnc,sound_db,77.5359,dB
2025-06-24 12:25:00,PAINT-01,paint_booth,humidity,43.4794,percent
2025-06-24 12:25:00,PAINT-01,paint_booth,pressure,101.2978,kPa
2025-06-24 12:25:00,PAINT-01,paint_booth,temperature,22.4057,celsius
2025-06-24 12:25:00,BAT-01,battery_assembly,temperature,28.1069,celsius
2025-06-24 12:25:00,BAT-01,battery_assembly,voltage,3.7094,volts
2025-06-24 12:30:00,CNC-01,cnc,vibration_rms,0.7678,mm/s
2025-06-24 12:30:00,CNC-01,cnc,temperature,41.432,celsius
2025-06-24 12:30:00,CNC-01,cnc,sound_db,78.5535,dB
2025-06-24 12:30:00,PAINT-01,paint_booth,humidity,46.2823,percent
2025-06-24 12:30:00,PAINT-01,paint_booth,pressure,100.501,kPa
2025-06-24 12:30:00,PAINT-01,paint_booth,temperature,22.1273,celsius
2025-06-24 12:30:00,BAT-01,battery_assembly,temperature,28.7239,celsius
2025-06-24 12:30:00,BAT-01,battery_assembly,voltage,3.6964,volts
2025-06-24 12:35:00,CNC-01,cnc,vibration_rms,0.8924,mm/s
2025-06-24 12:35:00,CNC-01,cnc,temperature,42.6757,celsius
2025-06-24 12:35:00,CNC-01,cnc,sound_db,78.4942,dB
2025-06-24 12:35:00,PAINT-01,paint_booth,humidity,46.3493,percent
2025-06-24 12:35:00,PAINT-01,paint_booth,pressure,101.3362,kPa
2025-06-24 12:35:00,PAINT-01,paint_booth,temperature,22.122,celsius
2025-06-24 12:35:00,BAT-01,battery_assembly,temperature,27.5305,celsius
2025-06-24 12:35:00,BAT-01,battery_assembly,voltage,3.6966,volts
2025-06-24 12:40:00,CNC-01,cnc,vibration_rms,1.0002,mm/s
2025-06-24 12:40:00,CNC-01,cnc,temperature,41.6937,celsius
2025-06-24 12:40:00,CNC-01,cnc,sound_db,77.6629,dB
2025-06-24 12:40:00,PAINT-01,paint_booth,humidity,44.017,percent
2025-06-24 12:40:00,PAINT-01,paint_booth,pressure,101.6936,kPa
2025-06-24 12:40:00,PAINT-01,paint_booth,temperature,21.3163,celsius
2025-06-24 12:40:00,BAT-01,battery_assembly,temperature,28.5463,celsius
2025-06-24 12:40:00,BAT-01,battery_assembly,voltage,3.6813,volts
2025-06-24 12:45:00,CNC-01,cnc,vibration_rms,0.8154,mm/s
2025-06-24 12:45:00,CNC-01,cnc,temperature,42.3089,celsius
2025-06-24 12:45:00,CNC-01,cnc,sound_db,78.2604,dB
2025-06-24 12:45:00,PAINT-01,paint_booth,humidity,45.5951,percent
2025-06-24 12:45:00,PAINT-01,paint_booth,pressure,101.8313,kPa
2025-06-24 12:45:00,PAINT-01,paint_booth,temperature,21.67,celsius
2025-06-24 12:45:00,BAT-01,battery_assembly,temperature,28.2658,celsius
2025-06-24 12:45:00,BAT-01,battery_assembly,voltage,3.6818,volts
2025-06-24 12:50:00,CNC-01,cnc,vibration_rms,1.0007,mm/s
2025-06-24 12:50:00,CNC-01,cnc,temperature,42.9487,celsius
2025-06-24 12:50:00,CNC-01,cnc,sound_db,79.073,dB
2025-06-24 12:50:00,PAINT-01,paint_booth,humidity,45.3758,percent
2025-06-24 12:50:00,PAINT-01,paint_booth,pressure,100.9072,kPa
2025-06-24 12:50:00,PAINT-01,paint_booth,temperature,21.7381,celsius
2025-06-24 12:50:00,BAT-01,battery_assembly,temperature,28.3011,celsius
2025-06-24 12:50:00,BAT-01,battery_assembly,voltage,3.6996,volts
2025-06-24 12:55:00,CNC-01,cnc,vibration_rms,0.9099,mm/s
2025-06-24 12:55:00,CNC-01,cnc,temperature,39.9603,celsius
2025-06-24 12:55:00,CNC-01,cnc,sound_db,78.3622,dB
2025-06-24 12:55:00,PAINT-01,paint_booth,humidity,43.6161,percent
2025-06-24 12:55:00,PAINT-01,paint_booth,pressure,100.7583,kPa
2025-06-24 12:55:00,PAINT-01,paint_booth,temperature,21.8763,celsius
2025-06-24 12:55:00,BAT-01,battery_assembly,temperature,26.8861,celsius
2025-06-24 12:55:00,BAT-01,battery_assembly,voltage,3.714,volts
2025-06-24 13:00:00,CNC-01,cnc,vibration_rms,0.9682,mm/s
2025-06-24 13:00:00,CNC-01,cnc,temperature,41.9198,celsius
2025-06-24 13:00:00,CNC-01,cnc,sound_db,76.0124,dB
2025-06-24 13:00:00,PAINT-01,paint_booth,humidity,43.1093,percent
2025-06-24 13:00:00,PAINT-01,paint_booth,pressure,101.2244,kPa
2025-06-24 13:00:00,PAINT-01,paint_booth,temperature,20.061,celsius
2025-06-24 13:00:00,BAT-01,battery_assembly,temperature,28.1083,celsius
2025-06-24 13:00:00,BAT-01,battery_assembly,voltage,3.7133,volts
2025-06-24 13:05:00,CNC-01,cnc,vibration_rms,0.875,mm/s
2025-06-24 13:05:00,CNC-01,cnc,temperature,41.2584,celsius
2025-06-24 13:05:00,CNC-01,cnc,sound_db,78.3639,dB
2025-06-24 13:05:00,PAINT-01,paint_booth,humidity,46.3013,percent
2025-06-24 13:05:00,PAINT-01,paint_booth,pressure,101.8471,kPa
2025-06-24 13:05:00,PAINT-01,paint_booth,temperature,22.0147,celsius
2025-06-24 13:05:00,BAT-01,battery_assembly,temperature,27.5861,celsius
2025-06-24 13:05:00,BAT-01,battery_assembly,voltage,3.6908,volts
2025-06-24 13:10:00,CNC-01,cnc,vibration_rms,0.9146,mm/s
2025-06-24 13:10:00,CNC-01,cnc,temperature,44.3343,celsius
2025-06-24 13:10:00,CNC-01,cnc,sound_db,77.3595,dB
2025-06-24 13:10:00,PAINT-01,paint_booth,humidity,44.0949,percent
2025-06-24 13:10:00,PAINT-01,paint_booth,pressure,100.8649,kPa
2025-06-24 13:10:00,PAINT-01,paint_booth,temperature,20.3229,celsius
2025-06-24 13:10:00,BAT-01,battery_assembly,temperature,28.1979,celsius
2025-06-24 13:10:00,BAT-01,battery_assembly,voltage,3.6728,volts
2025-06-24 13:15:00,CNC-01,cnc,vibration_rms,0.8013,mm/s
2025-06-24 13:15:00,CNC-01,cnc,temperature,39.036,celsius
2025-06-24 13:15:00,CNC-01,cnc,sound_db,75.764,dB
2025-06-24 13:15:00,PAINT-01,paint_booth,humidity,47.9368,percent
2025-06-24 13:15:00,PAINT-01,paint_booth,pressure,100.6443,kPa
2025-06-24 13:15:00,PAINT-01,paint_booth,temperature,20.6003,celsius
2025-06-24 13:15:00,BAT-01,battery_assembly,temperature,28.107,celsius
2025-06-24 13:15:00,BAT-01,battery_assembly,voltage,3.6932,volts
2025-06-24 13:20:00,CNC-01,cnc,vibration_rms,0.9346,mm/s
2025-06-24 13:20:00,CNC-01,cnc,temperature,43.1108,celsius
2025-06-24 13:20:00,CNC-01,cnc,sound_db,77.983,dB
2025-06-24 13:20:00,PAINT-01,paint_booth,humidity,44.8045,percent
2025-06-24 13:20:00,PAINT-01,paint_booth,pressure,101.2381,kPa
2025-06-24 13:20:00,PAINT-01,paint_booth,temperature,22.4002,celsius
2025-06-24 13:20:00,BAT-01,battery_assembly,temperature,27.6502,celsius
2025-06-24 13:20:00,BAT-01,battery_assembly,voltage,3.6713,volts
2025-06-24 13:25:00,CNC-01,cnc,vibration_rms,0.9882,mm/s
2025-06-24 13:25:00,CNC-01,cnc,temperature,41.3771,celsius
2025-06-24 13:25:00,CNC-01,cnc,sound_db,77.1815,dB
2025-06-24 13:25:00,PAINT-01,paint_booth,humidity,48.0319,percent
2025-06-24 13:25:00,PAINT-01,paint_booth,pressure,101.8152,kPa
2025-06-24 13:25:00,PAINT-01,paint_booth,temperature,22.2109,celsius
2025-06-24 13:25:00,BAT-01,battery_assembly,temperature,27.8001,celsius
2025-06-24 13:25:00,BAT-01,battery_assembly,voltage,3.7136,volts
2025-06-24 13:30:00,CNC-01,cnc,vibration_rms,1.0718,mm/s
2025-06-24 13:30:00,CNC-01,cnc,temperature,44.0817,celsius
2025-06-24 13:30:00,CNC-01,cnc,sound_db,79.3457,dB
2025-06-24 13:30:00,PAINT-01,paint_booth,humidity,46.3554,percent
2025-06-24 13:30:00,PAINT-01,paint_booth,pressure,103.176,kPa
2025-06-24 13:30:00,PAINT-01,paint_booth,temperature,21.0411,celsius
2025-06-24 13:30:00,BAT-01,battery_assembly,temperature,27.7769,celsius
2025-06-24 13:30:00,BAT-01,battery_assembly,voltage,3.686,volts
2025-06-24 13:35:00,CNC-01,cnc,vibration_rms,1.0302,mm/s
2025-06-24 13:35:00,CNC-01,cnc,temperature,42.6304,celsius
2025-06-24 13:35:00,CNC-01,cnc,sound_db,75.1458,dB
2025-06-24 13:35:00,PAINT-01,paint_booth,humidity,49.7352,percent
2025-06-24 13:35:00,PAINT-01,paint_booth,pressure,101.5735,kPa
2025-06-24 13:35:00,PAINT-01,paint_booth,temperature,21.7452,celsius
2025-06-24 13:35:00,BAT-01,battery_assembly,temperature,27.2679,celsius
2025-06-24 13:35:00,BAT-01,battery_assembly,voltage,3.6855,volts
2025-06-24 13:40:00,CNC-01,cnc,vibration_rms,0.8651,mm/s
2025-06-24 13:40:00,CNC-01,cnc,temperature,42.0341,celsius
2025-06-24 13:40:00,CNC-01,cnc,sound_db,76.9602,dB
2025-06-24 13:40:00,PAINT-01,paint_booth,humidity,51.2704,percent
2025-06-24 13:40:00,PAINT-01,paint_booth,pressure,100.825,kPa
2025-06-24 13:40:00,PAINT-01,paint_booth,temperature,20.6149,celsius
2025-06-24 13:40:00,BAT-01,battery_assembly,temperature,27.5564,celsius
2025-06-24 13:40:00,BAT-01,battery_assembly,voltage,3.727,volts
2025-06-24 13:45:00,CNC-01,cnc,vibration_rms,0.8541,mm/s
2025-06-24 13:45:00,CNC-01,cnc,temperature,45.5112,celsius
2025-06-24 13:45:00,CNC-01,cnc,sound_db,78.983,dB
2025-06-24 13:45:00,PAINT-01,paint_booth,humidity,48.0711,percent
2025-06-24 13:45:00,PAINT-01,paint_booth,pressure,100.8829,kPa
2025-06-24 13:45:00,PAINT-01,paint_booth,temperature,22.1947,celsius
2025-06-24 13:45:00,BAT-01,battery_assembly,temperature,27.2934,celsius
2025-06-24 13:45:00,BAT-01,battery_assembly,voltage,3.7475,volts
2025-06-24 13:50:00,CNC-01,cnc,vibration_rms,0.8207,mm/s
2025-06-24 13:50:00,CNC-01,cnc,temperature,43.0214,celsius
2025-06-24 13:50:00,CNC-01,cnc,sound_db,80.9203,dB
2025-06-24 13:50:00,PAINT-01,paint_booth,humidity,50.7816,percent
2025-06-24 13:50:00,PAINT-01,paint_booth,pressure,100.8021,kPa
2025-06-24 13:50:00,PAINT-01,paint_booth,temperature,21.7815,celsius
2025-06-24 13:50:00,BAT-01,battery_assembly,temperature,28.2173,celsius
2025-06-24 13:50:00,BAT-01,battery_assembly,voltage,3.7175,volts
2025-06-24 13:55:00,CNC-01,cnc,vibration_rms,0.9045,mm/s
2025-06-24 13:55:00,CNC-01,cnc,temperature,39.8997,celsius
2025-06-24 13:55:00,CNC-01,cnc,sound_db,78.0846,dB
2025-06-24 13:55:00,PAINT-01,paint_booth,humidity,50.2533,percent
2025-06-24 13:55:00,PAINT-01,paint_booth,pressure,100.2084,kPa
2025-06-24 13:55:00,PAINT-01,paint_booth,temperature,21.442,celsius
2025-06-24 13:55:00,BAT-01,battery_assembly,temperature,27.1405,celsius
2025-06-24 13:55:00,BAT-01,battery_assembly,voltage,3.7117,volts
2025-06-24 14:00:00,CNC-01,cnc,vibration_rms,1.0555,mm/s
2025-06-24 14:00:00,CNC-01,cnc,temperature,44.7881,celsius
2025-06-24 14:00:00,CNC-01,cnc,sound_db,76.8536,dB
2025-06-24 14:00:00,PAINT-01,paint_booth,humidity,51.2652,percent
2025-06-24 14:00:00,PAINT-01,paint_booth,pressure,101.6444,kPa
2025-06-24 14:00:00,PAINT-01,paint_booth,temperature,22.849,celsius
2025-06-24 14:00:00,BAT-01,battery_assembly,temperature,27.7488,celsius
2025-06-24 14:00:00,BAT-01,battery_assembly,voltage,3.6971,volts
2025-06-24 14:05:00,CNC-01,cnc,vibration_rms,1.0766,mm/s
2025-06-24 14:05:00,CNC-01,cnc,temperature,41.8388,celsius
2025-06-24 14:05:00,CNC-01,cnc,sound_db,77.0294,dB
2025-06-24 14:05:00,PAINT-01,paint_booth,humidity,53.0398,percent
2025-06-24 14:05:00,PAINT-01,paint_booth,pressure,101.5899,kPa
2025-06-24 14:05:00,PAINT-01,paint_booth,temperature,21.1827,celsius
2025-06-24 14:05:00,BAT-01,battery_assembly,temperature,27.851,celsius
2025-06-24 14:05:00,BAT-01,battery_assembly,voltage,3.6767,volts
2025-06-24 14:10:00,CNC-01,cnc,vibration_rms,0.8777,mm/s
2025-06-24 14:10:00,CNC-01,cnc,temperature,44.8154,celsius
2025-06-24 14:10:00,CNC-01,cnc,sound_db,79.4834,dB
2025-06-24 14:10:00,PAINT-01,paint_booth,humidity,53.2149,percent
2025-06-24 14:10:00,PAINT-01,paint_booth,pressure,100.8334,kPa
2025-06-24 14:10:00,PAINT-01,paint_booth,temperature,21.7509,celsius
2025-06-24 14:10:00,BAT-01,battery_assembly,temperature,28.6304,celsius
2025-06-24 14:10:00,BAT-01,battery_assembly,voltage,3.6888,volts
2025-06-24 14:15:00,CNC-01,cnc,vibration_rms,1.016,mm/s
2025-06-24 14:15:00,CNC-01,cnc,temperature,39.9395,celsius
2025-06-24 14:15:00,CNC-01,cnc,sound_db,77.4199,dB
2025-06-24 14:15:00,PAINT-01,paint_booth,humidity,57.4855,percent
2025-06-24 14:15:00,PAINT-01,paint_booth,pressure,100.2961,kPa
2025-06-24 14:15:00,PAINT-01,paint_booth,temperature,22.9507,celsius
2025-06-24 14:15:00,BAT-01,battery_assembly,temperature,26.8892,celsius
2025-06-24 14:15:00,BAT-01,battery_assembly,voltage,3.6982,volts
2025-06-24 14:20:00,CNC-01,cnc,vibration_rms,0.8862,mm/s
2025-06-24 14:20:00,CNC-01,cnc,temperature,43.2364,celsius
2025-06-24 14:20:00,CNC-01,cnc,sound_db,71.6909,dB
2025-06-24 14:20:00,PAINT-01,paint_booth,humidity,50.7644,percent
2025-06-24 14:20:00,PAINT-01,paint_booth,pressure,101.017,kPa
2025-06-24 14:20:00,PAINT-01,paint_booth,temperature,22.0295,celsius
2025-06-24 14:20:00,BAT-01,battery_assembly,temperature,27.4641,celsius
2025-06-24 14:20:00,BAT-01,battery_assembly,voltage,3.6956,volts
2025-06-24 14:25:00,CNC-01,cnc,vibration_rms,0.8051,mm/s
2025-06-24 14:25:00,CNC-01,cnc,temperature,41.3981,celsius
2025-06-24 14:25:00,CNC-01,cnc,sound_db,76.3065,dB
2025-06-24 14:25:00,PAINT-01,paint_booth,humidity,55.688,percent
2025-06-24 14:25:00,PAINT-01,paint_booth,pressure,101.5907,kPa
2025-06-24 14:25:00,PAINT-01,paint_booth,temperature,23.1463,celsius
2025-06-24 14:25:00,BAT-01,battery_assembly,temperature,27.6061,celsius
2025-06-24 14:25:00,BAT-01,battery_assembly,voltage,3.6936,volts
2025-06-24 14:30:00,CNC-01,cnc,vibration_rms,0.9038,mm/s
2025-06-24 14:30:00,CNC-01,cnc,temperature,41.5576,celsius
2025-06-24 14:30:00,CNC-01,cnc,sound_db,77.896,dB
2025-06-24 14:30:00,PAINT-01,paint_booth,humidity,52.6756,percent
2025-06-24 14:30:00,PAINT-01,paint_booth,pressure,101.4859,kPa
2025-06-24 14:30:00,PAINT-01,paint_booth,temperature,21.2678,celsius
2025-06-24 14:30:00,BAT-01,battery_assembly,temperature,27.4258,celsius
2025-06-24 14:30:00,BAT-01,battery_assembly,voltage,3.6682,volts
2025-06-24 14:35:00,CNC-01,cnc,vibration_rms,0.9929,mm/s
2025-06-24 14:35:00,CNC-01,cnc,temperature,41.7891,celsius
2025-06-24 14:35:00,CNC-01,cnc,sound_db,80.299,dB
2025-06-24 14:35:00,PAINT-01,paint_booth,humidity,56.9446,percent
2025-06-24 14:35:00,PAINT-01,paint_booth,pressure,100.4483,kPa
2025-06-24 14:35:00,PAINT-01,paint_booth,temperature,21.133,celsius
2025-06-24 14:35:00,BAT-01,battery_assembly,temperature,28.4548,celsius
2025-06-24 14:35:00,BAT-01,battery_assembly,voltage,3.6847,volts
2025-06-24 14:40:00,CNC-01,cnc,vibration_rms,0.8128,mm/s
2025-06-24 14:40:00,CNC-01,cnc,temperature,41.7309,celsius
2025-06-24 14:40:00,CNC-01,cnc,sound_db,77.6461,dB
2025-06-24 14:40:00,PAINT-01,paint_booth,humidity,54.9763,percent
2025-06-24 14:40:00,PAINT-01,paint_booth,pressure,101.1369,kPa
2025-06-24 14:40:00,PAINT-01,paint_booth,temperature,21.6172,celsius
2025-06-24 14:40:00,BAT-01,battery_assembly,temperature,26.446,celsius
2025-06-24 14:40:00,BAT-01,battery_assembly,voltage,3.7101,volts
2025-06-24 14:45:00,CNC-01,cnc,vibration_rms,0.8351,mm/s
2025-06-24 14:45:00,CNC-01,cnc,temperature,43.9567,celsius
2025-06-24 14:45:00,CNC-01,cnc,sound_db,75.6998,dB
2025-06-24 14:45:00,PAINT-01,paint_booth,humidity,54.4408,percent
2025-06-24 14:45:00,PAINT-01,paint_booth,pressure,101.8938,kPa
2025-06-24 14:45:00,PAINT-01,paint_booth,temperature,20.732,celsius
2025-06-24 14:45:00,BAT-01,battery_assembly,temperature,27.6183,celsius
2025-06-24 14:45:00,BAT-01,battery_assembly,voltage,3.7119,volts
2025-06-24 14:50:00,CNC-01,cnc,vibration_rms,0.8736,mm/s
2025-06-24 14:50:00,CNC-01,cnc,temperature,39.5168,celsius
2025-06-24 14:50:00,CNC-01,cnc,sound_db,78.3761,dB
2025-06-24 14:50:00,PAINT-01,paint_booth,humidity,57.8114,percent
2025-06-24 14:50:00,PAINT-01,paint_booth,pressure,101.9419,kPa
2025-06-24 14:50:00,PAINT-01,paint_booth,temperature,22.4709,celsius
2025-06-24 14:50:00,BAT-01,battery_assembly,temperature,29.8214,celsius
2025-06-24 14:50:00,BAT-01,battery_assembly,voltage,3.6671,volts
2025-06-24 14:55:00,CNC-01,cnc,vibration_rms,0.8983,mm/s
2025-06-24 14:55:00,CNC-01,cnc,temperature,40.4,celsius
2025-06-24 14:55:00,CNC-01,cnc,sound_db,80.3095,dB
2025-06-24 14:55:00,PAINT-01,paint_booth,humidity,60.4437,percent
2025-06-24 14:55:00,PAINT-01,paint_booth,pressure,101.677,kPa
2025-06-24 14:55:00,PAINT-01,paint_booth,temperature,21.3781,celsius
2025-06-24 14:55:00,BAT-01,battery_assembly,temperature,27.5529,celsius
2025-06-24 14:55:00,BAT-01,battery_assembly,voltage,3.6594,volts
2025-06-24 15:00:00,CNC-01,cnc,vibration_rms,1.0368,mm/s
2025-06-24 15:00:00,CNC-01,cnc,temperature,42.7623,celsius
2025-06-24 15:00:00,CNC-01,cnc,sound_db,77.4783,dB
2025-06-24 15:00:00,PAINT-01,paint_booth,humidity,61.267,percent
2025-06-24 15:00:00,PAINT-01,paint_booth,pressure,101.6755,kPa
2025-06-24 15:00:00,PAINT-01,paint_booth,temperature,22.7802,celsius
2025-06-24 15:00:00,BAT-01,battery_assembly,temperature,27.0259,celsius
2025-06-24 15:00:00,BAT-01,battery_assembly,voltage,3.6857,volts
2025-06-24 15:05:00,CNC-01,cnc,vibration_rms,0.9156,mm/s
2025-06-24 15:05:00,CNC-01,cnc,temperature,42.5331,celsius
2025-06-24 15:05:00,CNC-01,cnc,sound_db,79.9145,dB
2025-06-24 15:05:00,PAINT-01,paint_booth,humidity,57.9827,percent
2025-06-24 15:05:00,PAINT-01,paint_booth,pressure,101.3636,kPa
2025-06-24 15:05:00,PAINT-01,paint_booth,temperature,23.7643,celsius
2025-06-24 15:05:00,BAT-01,battery_assembly,temperature,28.4152,celsius
2025-06-24 15:05:00,BAT-01,battery_assembly,voltage,3.7174,volts
2025-06-24 15:10:00,CNC-01,cnc,vibration_rms,0.8985,mm/s
2025-06-24 15:10:00,CNC-01,cnc,temperature,43.1514,celsius
2025-06-24 15:10:00,CNC-01,cnc,sound_db,81.608,dB
2025-06-24 15:10:00,PAINT-01,paint_booth,humidity,60.8133,percent
2025-06-24 15:10:00,PAINT-01,paint_booth,pressure,101.912,kPa
2025-06-24 15:10:00,PAINT-01,paint_booth,temperature,21.2999,celsius
2025-06-24 15:10:00,BAT-01,battery_assembly,temperature,28.3541,celsius
2025-06-24 15:10:00,BAT-01,battery_assembly,voltage,3.7181,volts
2025-06-24 15:15:00,CNC-01,cnc,vibration_rms,0.8398,mm/s
2025-06-24 15:15:00,CNC-01,cnc,temperature,43.6472,celsius
2025-06-24 15:15:00,CNC-01,cnc,sound_db,76.6495,dB
2025-06-24 15:15:00,PAINT-01,paint_booth,humidity,59.5895,percent
2025-06-24 15:15:00,PAINT-01,paint_booth,pressure,101.2994,kPa
2025-06-24 15:15:00,PAINT-01,paint_booth,temperature,23.5456,celsius
2025-06-24 15:15:00,BAT-01,battery_assembly,temperature,28.1855,celsius
2025-06-24 15:15:00,BAT-01,battery_assembly,voltage,3.7187,volts
2025-06-24 15:20:00,CNC-01,cnc,vibration_rms,0.8415,mm/s
2025-06-24 15:20:00,CNC-01,cnc,temperature,42.1162,celsius
2025-06-24 15:20:00,CNC-01,cnc,sound_db,75.6469,dB
2025-06-24 15:20:00,PAINT-01,paint_booth,humidity,60.6578,percent
2025-06-24 15:20:00,PAINT-01,paint_booth,pressure,101.7178,kPa
2025-06-24 15:20:00,PAINT-01,paint_booth,temperature,21.9693,celsius
2025-06-24 15:20:00,BAT-01,battery_assembly,temperature,28.8708,celsius
2025-06-24 15:20:00,BAT-01,battery_assembly,voltage,3.696,volts
2025-06-24 15:25:00,CNC-01,cnc,vibration_rms,0.8842,mm/s
2025-06-24 15:25:00,CNC-01,cnc,temperature,43.915,celsius
2025-06-24 15:25:00,CNC-01,cnc,sound_db,76.7028,dB
2025-06-24 15:25:00,PAINT-01,paint_booth,humidity,59.3605,percent
2025-06-24 15:25:00,PAINT-01,paint_booth,pressure,101.9506,kPa
2025-06-24 15:25:00,PAINT-01,paint_booth,temperature,22.3314,celsius
2025-06-24 15:25:00,BAT-01,battery_assembly,temperature,26.7009,celsius
2025-06-24 15:25:00,BAT-01,battery_assembly,voltage,3.7009,volts
2025-06-24 15:30:00,CNC-01,cnc,vibration_rms,0.8677,mm/s
2025-06-24 15:30:00,CNC-01,cnc,temperature,44.6173,celsius
2025-06-24 15:30:00,CNC-01,cnc,sound_db,76.542,dB
2025-06-24 15:30:00,PAINT-01,paint_booth,humidity,61.8385,percent
2025-06-24 15:30:00,PAINT-01,paint_booth,pressure,100.8448,kPa
2025-06-24 15:30:00,PAINT-01,paint_booth,temperature,21.1568,celsius
2025-06-24 15:30:00,BAT-01,battery_assembly,temperature,27.5797,celsius
2025-06-24 15:30:00,BAT-01,battery_assembly,voltage,3.6713,volts
2025-06-24 15:35:00,CNC-01,cnc,vibration_rms,0.8175,mm/s
2025-06-24 15:35:00,CNC-01,cnc,temperature,39.5901,celsius
2025-06-24 15:35:00,CNC-01,cnc,sound_db,75.0054,dB
2025-06-24 15:35:00,PAINT-01,paint_booth,humidity,59.8806,percent
2025-06-24 15:35:00,PAINT-01,paint_booth,pressure,101.0394,kPa
2025-06-24 15:35:00,PAINT-01,paint_booth,temperature,21.453,celsius
2025-06-24 15:35:00,BAT-01,battery_assembly,temperature,27.2641,celsius
2025-06-24 15:35:00,BAT-01,battery_assembly,voltage,3.7096,volts
2025-06-24 15:40:00,CNC-01,cnc,vibration_rms,0.8962,mm/s
2025-06-24 15:40:00,CNC-01,cnc,temperature,41.352,celsius
2025-06-24 15:40:00,CNC-01,cnc,sound_db,77.0721,dB
2025-06-24 15:40:00,PAINT-01,paint_booth,humidity,66.1858,percent
2025-06-24 15:40:00,PAINT-01,paint_booth,pressure,101.4199,kPa
2025-06-24 15:40:00,PAINT-01,paint_booth,temperature,22.3803,celsius
2025-06-24 15:40:00,BAT-01,battery_assembly,temperature,26.4484,celsius
2025-06-24 15:40:00,BAT-01,battery_assembly,voltage,3.6869,volts
2025-06-24 15:45:00,CNC-01,cnc,vibration_rms,0.7263,mm/s
2025-06-24 15:45:00,CNC-01,cnc,temperature,41.3607,celsius
2025-06-24 15:45:00,CNC-01,cnc,sound_db,78.7466,dB
2025-06-24 15:45:00,PAINT-01,paint_booth,humidity,61.6514,percent
2025-06-24 15:45:00,PAINT-01,paint_booth,pressure,101.5593,kPa
2025-06-24 15:45:00,PAINT-01,paint_booth,temperature,21.1818,celsius
2025-06-24 15:45:00,BAT-01,battery_assembly,temperature,28.3455,celsius
2025-06-24 15:45:00,BAT-01,battery_assembly,voltage,3.6689,volts
2025-06-24 15:50:00,CNC-01,cnc,vibration_rms,0.8791,mm/s
2025-06-24 15:50:00,CNC-01,cnc,temperature,42.6297,celsius
2025-06-24 15:50:00,CNC-01,cnc,sound_db,79.0718,dB
2025-06-24 15:50:00,PAINT-01,paint_booth,humidity,62.7455,percent
2025-06-24 15:50:00,PAINT-01,paint_booth,pressure,102.2699,kPa
2025-06-24 15:50:00,PAINT-01,paint_booth,temperature,21.6685,celsius
2025-06-24 15:50:00,BAT-01,battery_assembly,temperature,27.7294,celsius
2025-06-24 15:50:00,BAT-01,battery_assembly,voltage,3.6448,volts
2025-06-24 15:55:00,CNC-01,cnc,vibration_rms,1.0415,mm/s
2025-06-24 15:55:00,CNC-01,cnc,temperature,41.4465,celsius
2025-06-24 15:55:00,CNC-01,cnc,sound_db,75.648,dB
2025-06-24 15:55:00,PAINT-01,paint_booth,humidity,65.6418,percent
2025-06-24 15:55:00,PAINT-01,paint_booth,pressure,101.9178,kPa
2025-06-24 15:55:00,PAINT-01,paint_booth,temperature,22.0867,celsius
2025-06-24 15:55:00,BAT-01,battery_assembly,temperature,27.139,celsius
2025-06-24 15:55:00,BAT-01,battery_assembly,voltage,3.7084,volts
2025-06-24 16:00:00,CNC-01,cnc,vibration_rms,0.8503,mm/s
2025-06-24 16:00:00,CNC-01,cnc,temperature,40.2438,celsius
2025-06-24 16:00:00,CNC-01,cnc,sound_db,80.0867,dB
2025-06-24 16:00:00,PAINT-01,paint_booth,humidity,58.7348,percent
2025-06-24 16:00:00,PAINT-01,paint_booth,pressure,101.5836,kPa
2025-06-24 16:00:00,PAINT-01,paint_booth,temperature,22.3675,celsius
2025-06-24 16:00:00,BAT-01,battery_assembly,temperature,29.2306,celsius
2025-06-24 16:00:00,BAT-01,battery_assembly,voltage,3.7065,volts
2025-06-24 16:05:00,CNC-01,cnc,vibration_rms,0.7353,mm/s
2025-06-24 16:05:00,CNC-01,cnc,temperature,40.7458,celsius
2025-06-24 16:05:00,CNC-01,cnc,sound_db,78.1293,dB
2025-06-24 16:05:00,PAINT-01,paint_booth,humidity,63.7111,percent
2025-06-24 16:05:00,PAINT-01,paint_booth,pressure,101.7904,kPa
2025-06-24 16:05:00,PAINT-01,paint_booth,temperature,20.4323,celsius
2025-06-24 16:05:00,BAT-01,battery_assembly,temperature,27.802,celsius
2025-06-24 16:05:00,BAT-01,battery_assembly,voltage,3.7194,volts
2025-06-24 16:10:00,CNC-01,cnc,vibration_rms,1.0235,mm/s
2025-06-24 16:10:00,CNC-01,cnc,temperature,44.7915,celsius
2025-06-24 16:10:00,CNC-01,cnc,sound_db,77.2196,dB
2025-06-24 16:10:00,PAINT-01,paint_booth,humidity,65.1952,percent
2025-06-24 16:10:00,PAINT-01,paint_booth,pressure,102.1559,kPa
2025-06-24 16:10:00,PAINT-01,paint_booth,temperature,22.9585,celsius
2025-06-24 16:10:00,BAT-01,battery_assembly,temperature,28.4342,celsius
2025-06-24 16:10:00,BAT-01,battery_assembly,voltage,3.7166,volts
2025-06-24 16:15:00,CNC-01,cnc,vibration_rms,0.8368,mm/s
2025-06-24 16:15:00,CNC-01,cnc,temperature,39.8291,celsius
2025-06-24 16:15:00,CNC-01,cnc,sound_db,79.9657,dB
2025-06-24 16:15:00,PAINT-01,paint_booth,humidity,62.3059,percent
2025-06-24 16:15:00,PAINT-01,paint_booth,pressure,101.2859,kPa
2025-06-24 16:15:00,PAINT-01,paint_booth,temperature,21.537,celsius
2025-06-24 16:15:00,BAT-01,battery_assembly,temperature,27.7643,celsius
2025-06-24 16:15:00,BAT-01,battery_assembly,voltage,3.7047,volts
2025-06-24 16:20:00,CNC-01,cnc,vibration_rms,0.8183,mm/s
2025-06-24 16:20:00,CNC-01,cnc,temperature,42.1028,celsius
2025-06-24 16:20:00,CNC-01,cnc,sound_db,78.4921,dB
2025-06-24 16:20:00,PAINT-01,paint_booth,humidity,62.8453,percent
2025-06-24 16:20:00,PAINT-01,paint_booth,pressure,100.9282,kPa
2025-06-24 16:20:00,PAINT-01,paint_booth,temperature,22.6293,celsius
2025-06-24 16:20:00,BAT-01,battery_assembly,temperature,29.1236,celsius
2025-06-24 16:20:00,BAT-01,battery_assembly,voltage,3.688,volts
2025-06-24 16:25:00,CNC-01,cnc,vibration_rms,0.9988,mm/s
2025-06-24 16:25:00,CNC-01,cnc,temperature,43.3339,celsius
2025-06-24 16:25:00,CNC-01,cnc,sound_db,72.6935,dB
2025-06-24 16:25:00,PAINT-01,paint_booth,humidity,61.4776,percent
2025-06-24 16:25:00,PAINT-01,paint_booth,pressure,100.9821,kPa
2025-06-24 16:25:00,PAINT-01,paint_booth,temperature,22.6254,celsius
2025-06-24 16:25:00,BAT-01,battery_assembly,temperature,28.1131,celsius
2025-06-24 16:25:00,BAT-01,battery_assembly,voltage,3.7095,volts
2025-06-24 16:30:00,CNC-01,cnc,vibration_rms,0.9509,mm/s
2025-06-24 16:30:00,CNC-01,cnc,temperature,40.6516,celsius
2025-06-24 16:30:00,CNC-01,cnc,sound_db,76.5069,dB
2025-06-24 16:30:00,PAINT-01,paint_booth,humidity,60.5542,percent
2025-06-24 16:30:00,PAINT-01,paint_booth,pressure,101.2149,kPa
2025-06-24 16:30:00,PAINT-01,paint_booth,temperature,21.9047,celsius
2025-06-24 16:30:00,BAT-01,battery_assembly,temperature,28.1027,celsius
2025-06-24 16:30:00,BAT-01,battery_assembly,voltage,3.6855,volts
2025-06-24 16:35:00,CNC-01,cnc,vibration_rms,0.9725,mm/s
2025-06-24 16:35:00,CNC-01,cnc,temperature,43.3757,celsius
2025-06-24 16:35:00,CNC-01,cnc,sound_db,81.093,dB
2025-06-24 16:35:00,PAINT-01,paint_booth,humidity,64.4226,percent
2025-06-24 16:35:00,PAINT-01,paint_booth,pressure,101.3928,kPa
2025-06-24 16:35:00,PAINT-01,paint_booth,temperature,22.5379,celsius
2025-06-24 16:35:00,BAT-01,battery_assembly,temperature,28.3659,celsius
2025-06-24 16:35:00,BAT-01,battery_assembly,voltage,3.687,volts
2025-06-24 16:40:00,CNC-01,cnc,vibration_rms,1.0032,mm/s
2025-06-24 16:40:00,CNC-01,cnc,temperature,44.5778,celsius
2025-06-24 16:40:00,CNC-01,cnc,sound_db,81.9539,dB
2025-06-24 16:40:00,PAINT-01,paint_booth,humidity,63.0705,percent
2025-06-24 16:40:00,PAINT-01,paint_booth,pressure,101.4621,kPa
2025-06-24 16:40:00,PAINT-01,paint_booth,temperature,22.3331,celsius
2025-06-24 16:40:00,BAT-01,battery_assembly,temperature,27.9985,celsius
2025-06-24 16:40:00,BAT-01,battery_assembly,voltage,3.7124,volts
2025-06-24 16:45:00,CNC-01,cnc,vibration_rms,0.8903,mm/s
2025-06-24 16:45:00,CNC-01,cnc,temperature,41.7093,celsius
2025-06-24 16:45:00,CNC-01,cnc,sound_db,81.518,dB
2025-06-24 16:45:00,PAINT-01,paint_booth,humidity,63.3294,percent
2025-06-24 16:45:00,PAINT-01,paint_booth,pressure,101.3335,kPa
2025-06-24 16:45:00,PAINT-01,paint_booth,temperature,22.7056,celsius
2025-06-24 16:45:00,BAT-01,battery_assembly,temperature,28.0902,celsius
2025-06-24 16:45:00,BAT-01,battery_assembly,voltage,3.7058,volts
2025-06-24 16:50:00,CNC-01,cnc,vibration_rms,0.8949,mm/s
2025-06-24 16:50:00,CNC-01,cnc,temperature,40.1694,celsius
2025-06-24 16:50:00,CNC-01,cnc,sound_db,77.9381,dB
2025-06-24 16:50:00,PAINT-01,paint_booth,humidity,60.7262,percent
2025-06-24 16:50:00,PAINT-01,paint_booth,pressure,101.4051,kPa
2025-06-24 16:50:00,PAINT-01,paint_booth,temperature,21.0548,celsius
2025-06-24 16:50:00,BAT-01,battery_assembly,temperature,28.55,celsius
2025-06-24 16:50:00,BAT-01,battery_assembly,voltage,3.715,volts
2025-06-24 16:55:00,CNC-01,cnc,vibration_rms,0.9224,mm/s
2025-06-24 16:55:00,CNC-01,cnc,temperature,41.8498,celsius
2025-06-24 16:55:00,CNC-01,cnc,sound_db,78.8326,dB
2025-06-24 16:55:00,PAINT-01,paint_booth,humidity,59.07,percent
2025-06-24 16:55:00,PAINT-01,paint_booth,pressure,100.7516,kPa
2025-06-24 16:55:00,PAINT-01,paint_booth,temperature,21.881,celsius
2025-06-24 16:55:00,BAT-01,battery_assembly,temperature,28.2072,celsius
2025-06-24 16:55:00,BAT-01,battery_assembly,voltage,3.6984,volts
2025-06-24 17:00:00,CNC-01,cnc,vibration_rms,0.8196,mm/s
2025-06-24 17:00:00,CNC-01,cnc,temperature,42.2002,celsius
2025-06-24 17:00:00,CNC-01,cnc,sound_db,77.0926,dB
2025-06-24 17:00:00,PAINT-01,paint_booth,humidity,60.8628,percent
2025-06-24 17:00:00,PAINT-01,paint_booth,pressure,101.4648,kPa
2025-06-24 17:00:00,PAINT-01,paint_booth,temperature,21.832,celsius
2025-06-24 17:00:00,BAT-01,battery_assembly,temperature,28.7179,celsius
2025-06-24 17:00:00,BAT-01,battery_assembly,voltage,3.7133,volts
2025-06-24 17:05:00,CNC-01,cnc,vibration_rms,0.9588,mm/s
2025-06-24 17:05:00,CNC-01,cnc,temperature,42.4825,celsius
2025-06-24 17:05:00,CNC-01,cnc,sound_db,76.3096,dB
2025-06-24 17:05:00,PAINT-01,paint_booth,humidity,61.1287,percent
2025-06-24 17:05:00,PAINT-01,paint_booth,pressure,100.5644,kPa
2025-06-24 17:05:00,PAINT-01,paint_booth,temperature,24.3032,celsius
2025-06-24 17:05:00,BAT-01,battery_assembly,temperature,27.3523,celsius
2025-06-24 17:05:00,BAT-01,battery_assembly,voltage,3.6958,volts
2025-06-24 17:10:00,CNC-01,cnc,vibration_rms,0.8712,mm/s
2025-06-24 17:10:00,CNC-01,cnc,temperature,41.5784,celsius
2025-06-24 17:10:00,CNC-01,cnc,sound_db,76.8319,dB
2025-06-24 17:10:00,PAINT-01,paint_booth,humidity,59.2633,percent
2025-06-24 17:10:00,PAINT-01,paint_booth,pressure,100.8009,kPa
2025-06-24 17:10:00,PAINT-01,paint_booth,temperature,20.8875,celsius
2025-06-24 17:10:00,BAT-01,battery_assembly,temperature,27.9239,celsius
2025-06-24 17:10:00,BAT-01,battery_assembly,voltage,3.6863,volts
2025-06-24 17:15:00,CNC-01,cnc,vibration_rms,0.845,mm/s
2025-06-24 17:15:00,CNC-01,cnc,temperature,42.3238,celsius
2025-06-24 17:15:00,CNC-01,cnc,sound_db,76.8344,dB
2025-06-24 17:15:00,PAINT-01,paint_booth,humidity,64.8642,percent
2025-06-24 17:15:00,PAINT-01,paint_booth,pressure,101.1069,kPa
2025-06-24 17:15:00,PAINT-01,paint_booth,temperature,22.1801,celsius
2025-06-24 17:15:00,BAT-01,battery_assembly,temperature,27.2048,celsius
2025-06-24 17:15:00,BAT-01,battery_assembly,voltage,3.7131,volts
2025-06-24 17:20:00,CNC-01,cnc,vibration_rms,0.8676,mm/s
2025-06-24 17:20:00,CNC-01,cnc,temperature,42.6131,celsius
2025-06-24 17:20:00,CNC-01,cnc,sound_db,78.66,dB
2025-06-24 17:20:00,PAINT-01,paint_booth,humidity,62.6531,percent
2025-06-24 17:20:00,PAINT-01,paint_booth,pressure,101.4087,kPa
2025-06-24 17:20:00,PAINT-01,paint_booth,temperature,21.6918,celsius
2025-06-24 17:20:00,BAT-01,battery_assembly,temperature,28.8077,celsius
2025-06-24 17:20:00,BAT-01,battery_assembly,voltage,3.7187,volts
2025-06-24 17:25:00,CNC-01,cnc,vibration_rms,0.9386,mm/s
2025-06-24 17:25:00,CNC-01,cnc,temperature,40.2298,celsius
2025-06-24 17:25:00,CNC-01,cnc,sound_db,75.8014,dB
2025-06-24 17:25:00,PAINT-01,paint_booth,humidity,61.6723,percent
2025-06-24 17:25:00,PAINT-01,paint_booth,pressure,101.1775,kPa
2025-06-24 17:25:00,PAINT-01,paint_booth,temperature,22.3584,celsius
2025-06-24 17:25:00,BAT-01,battery_assembly,temperature,27.4621,celsius
2025-06-24 17:25:00,BAT-01,battery_assembly,voltage,3.7235,volts
2025-06-24 17:30:00,CNC-01,cnc,vibration_rms,0.9003,mm/s
2025-06-24 17:30:00,CNC-01,cnc,temperature,38.9808,celsius
2025-06-24 17:30:00,CNC-01,cnc,sound_db,77.0494,dB
2025-06-24 17:30:00,PAINT-01,paint_booth,humidity,57.8296,percent
2025-06-24 17:30:00,PAINT-01,paint_booth,pressure,100.9241,kPa
2025-06-24 17:30:00,PAINT-01,paint_booth,temperature,21.5607,celsius
2025-06-24 17:30:00,BAT-01,battery_assembly,temperature,27.6338,celsius
2025-06-24 17:30:00,BAT-01,battery_assembly,voltage,3.6935,volts
2025-06-24 17:35:00,CNC-01,cnc,vibration_rms,0.8685,mm/s
2025-06-24 17:35:00,CNC-01,cnc,temperature,41.1094,celsius
2025-06-24 17:35:00,CNC-01,cnc,sound_db,81.005,dB
2025-06-24 17:35:00,PAINT-01,paint_booth,humidity,65.4298,percent
2025-06-24 17:35:00,PAINT-01,paint_booth,pressure,100.7291,kPa
2025-06-24 17:35:00,PAINT-01,paint_booth,temperature,23.0031,celsius
2025-06-24 17:35:00,BAT-01,battery_assembly,temperature,27.0272,celsius
2025-06-24 17:35:00,BAT-01,battery_assembly,voltage,3.6837,volts
2025-06-24 17:40:00,CNC-01,cnc,vibration_rms,1.022,mm/s
2025-06-24 17:40:00,CNC-01,cnc,temperature,38.6407,celsius
2025-06-24 17:40:00,CNC-01,cnc,sound_db,79.1496,dB
2025-06-24 17:40:00,PAINT-01,paint_booth,humidity,60.493,percent
2025-06-24 17:40:00,PAINT-01,paint_booth,pressure,101.228,kPa
2025-06-24 17:40:00,PAINT-01,paint_booth,temperature,21.8558,celsius
2025-06-24 17:40:00,BAT-01,battery_assembly,temperature,29.0183,celsius
2025-06-24 17:40:00,BAT-01,battery_assembly,voltage,3.6838,volts
2025-06-24 17:45:00,CNC-01,cnc,vibration_rms,0.8945,mm/s
2025-06-24 17:45:00,CNC-01,cnc,temperature,42.9405,celsius
2025-06-24 17:45:00,CNC-01,cnc,sound_db,77.4964,dB
2025-06-24 17:45:00,PAINT-01,paint_booth,humidity,61.3559,percent
2025-06-24 17:45:00,PAINT-01,paint_booth,pressure,101.2704,kPa
2025-06-24 17:45:00,PAINT-01,paint_booth,temperature,22.0748,celsius
2025-06-24 17:45:00,BAT-01,battery_assembly,temperature,28.5304,celsius
2025-06-24 17:45:00,BAT-01,battery_assembly,voltage,3.6811,volts
2025-06-24 17:50:00,CNC-01,cnc,vibration_rms,0.8641,mm/s
2025-06-24 17:50:00,CNC-01,cnc,temperature,42.4844,celsius
2025-06-24 17:50:00,CNC-01,cnc,sound_db,77.6657,dB
2025-06-24 17:50:00,PAINT-01,paint_booth,humidity,62.6294,percent
2025-06-24 17:50:00,PAINT-01,paint_booth,pressure,101.2915,kPa
2025-06-24 17:50:00,PAINT-01,paint_booth,temperature,21.4433,celsius
2025-06-24 17:50:00,BAT-01,battery_assembly,temperature,27.5202,celsius
2025-06-24 17:50:00,BAT-01,battery_assembly,voltage,3.7088,volts
2025-06-24 17:55:00,CNC-01,cnc,vibration_rms,0.8124,mm/s
2025-06-24 17:55:00,CNC-01,cnc,temperature,43.7481,celsius
2025-06-24 17:55:00,CNC-01,cnc,sound_db,78.4346,dB
2025-06-24 17:55:00,PAINT-01,paint_booth,humidity,60.4469,percent
2025-06-24 17:55:00,PAINT-01,paint_booth,pressure,101.4415,kPa
2025-06-24 17:55:00,PAINT-01,paint_booth,temperature,22.1338,celsius
2025-06-24 17:55:00,BAT-01,battery_assembly,temperature,28.4573,celsius
2025-06-24 17:55:00,BAT-01,battery_assembly,voltage,3.7232,volts
